race_key,race_date,venue,race_no,p1_prefecture,p1_previous_class,p1_class,p1_riding_style,p1_graduation_term,p1_age,p1_race_score,p1_nige_count,p1_makuri_count,p1_sashi_count,p1_mark_count,p1_back_count,p1_home_count,p1_start_count,p1_win_rate,p1_top2_rate,p1_top3_rate,p1_recent_finish_1,p1_recent_finish_2,p1_recent_finish_3,p2_prefecture,p2_previous_class,p2_class,p2_riding_style,p2_graduation_term,p2_age,p2_race_score,p2_nige_count,p2_makuri_count,p2_sashi_count,p2_mark_count,p2_back_count,p2_home_count,p2_start_count,p2_win_rate,p2_top2_rate,p2_top3_rate,p2_recent_finish_1,p2_recent_finish_2,p2_recent_finish_3,p3_prefecture,p3_previous_class,p3_class,p3_riding_style,p3_graduation_term,p3_age,p3_race_score,p3_nige_count,p3_makuri_count,p3_sashi_count,p3_mark_count,p3_back_count,p3_home_count,p3_start_count,p3_win_rate,p3_top2_rate,p3_top3_rate,p3_recent_finish_1,p3_recent_finish_2,p3_recent_finish_3,p4_prefecture,p4_previous_class,p4_class,p4_riding_style,p4_graduation_term,p4_age,p4_race_score,p4_nige_count,p4_makuri_count,p4_sashi_count,p4_mark_count,p4_back_count,p4_home_count,p4_start_count,p4_win_rate,p4_top2_rate,p4_top3_rate,p4_recent_finish_1,p4_recent_finish_2,p4_recent_finish_3,p5_prefecture,p5_previous_class,p5_class,p5_riding_style,p5_graduation_term,p5_age,p5_race_score,p5_nige_count,p5_makuri_count,p5_sashi_count,p5_mark_count,p5_back_count,p5_home_count,p5_start_count,p5_win_rate,p5_top2_rate,p5_top3_rate,p5_recent_finish_1,p5_recent_finish_2,p5_recent_finish_3,p6_prefecture,p6_previous_class,p6_class,p6_riding_style,p6_graduation_term,p6_age,p6_race_score,p6_nige_count,p6_makuri_count,p6_sashi_count,p6_mark_count,p6_back_count,p6_home_count,p6_start_count,p6_win_rate,p6_top2_rate,p6_top3_rate,p6_recent_finish_1,p6_recent_finish_2,p6_recent_finish_3,p7_prefecture,p7_previous_class,p7_class,p7_riding_style,p7_graduation_term,p7_age,p7_race_score,p7_nige_count,p7_makuri_count,p7_sashi_count,p7_mark_count,p7_back_count,p7_home_count,p7_start_count,p7_win_rate,p7_top2_rate,p7_top3_rate,p7_recent_finish_1,p7_recent_finish_2,p7_recent_finish_3,p8_prefecture,p8_previous_class,p8_class,p8_riding_style,p8_graduation_term,p8_age,p8_race_score,p8_nige_count,p8_makuri_count,p8_sashi_count,p8_mark_count,p8_back_count,p8_home_count,p8_start_count,p8_win_rate,p8_top2_rate,p8_top3_rate,p8_recent_finish_1,p8_recent_finish_2,p8_recent_finish_3,p9_prefecture,p9_previous_class,p9_class,p9_riding_style,p9_graduation_term,p9_age,p9_race_score,p9_nige_count,p9_makuri_count,p9_sashi_count,p9_mark_count,p9_back_count,p9_home_count,p9_start_count,p9_win_rate,p9_top2_rate,p9_top3_rate,p9_recent_finish_1,p9_recent_finish_2,p9_recent_finish_3,player_count,payout_class_4,is_20000_plus,is_50000_plus
20260705_京王閣_1R,20260705,京王閣,1,神奈川,A3,A3,追,85,47,71.03,0,0,1,7,0,0,0,3.0,26.0,36.0,3,4,6,徳 島,A3,A3,追,82,50,70.28,0,0,0,1,0,0,0,0.0,7.0,14.0,,,,愛 媛,A3,A3,両,94,48,69.66,2,1,2,1,4,2,7,19.0,28.0,42.0,3,6,3,埼 玉,A3,A3,追,87,47,69.66,0,0,0,0,0,0,0,0.0,0.0,33.0,,,,新 潟,A3,A3,逃,77,51,67.55,3,3,0,0,5,6,5,10.0,20.0,41.0,6,4,3,岡 山,A3,A3,追,97,36,67.07,0,0,0,1,0,0,1,0.0,7.0,28.0,,,,鹿児島,A3,A3,追,64,59,64.0,0,0,0,0,0,0,0,0.0,0.0,0.0,6,5,,,,,,,,,,,,,,,,,,,,,,,,,,,,,,,,,,,,,,,,,,7,20000_TO_49999,1,0
20260705_京王閣_2R,20260705,京王閣,2,奈 良,A3,A3,追,85,48,71.33,0,0,2,3,0,0,7,0.0,23.0,52.0,3,4,4,福 島,A3,A3,追,96,40,71.29,0,0,3,2,0,0,0,5.0,29.0,47.0,2,4,2,大 阪,A3,A3,追,77,52,71.0,0,0,3,0,0,0,1,18.0,18.0,50.0,,,,岐 阜,A3,A3,逃,129,27,70.0,0,0,0,0,0,0,0,0.0,0.0,0.0,4,6,6,福 岡,A3,A3,両,98,40,69.79,0,1,1,4,1,1,9,8.0,24.0,44.0,4,5,4,福 岡,A3,A3,追,77,52,69.6,0,0,0,1,0,0,0,0.0,20.0,40.0,2,7,,千 葉,A3,A3,追,76,50,68.29,0,0,2,2,0,0,3,8.0,16.0,37.0,3,6,5,,,,,,,,,,,,,,,,,,,,,,,,,,,,,,,,,,,,,,,,,7,UNDER_10000,0,0
20260705_京王閣_3R,20260705,京王閣,3,兵 庫,A2,A3,追,82,48,81.13,0,0,1,0,0,1,3,0.0,4.0,22.0,,,,宮 崎,A2,A3,逃,117,30,80.33,4,2,0,0,11,8,2,11.0,22.0,33.0,7,7,7,北海道,A3,A3,追,83,51,74.44,0,1,7,6,0,0,0,7.0,51.0,70.0,3,2,4,埼 玉,A3,A3,追,90,44,74.08,0,0,2,7,0,0,0,4.0,37.0,54.0,5,2,4,岐 阜,A3,A3,追,80,49,71.15,0,0,1,5,0,1,1,0.0,31.0,52.0,4,5,6,愛 知,A3,A3,追,70,54,70.19,0,0,4,3,0,0,1,9.0,33.0,61.0,2,6,2,福 島,A3,A3,追,78,52,68.38,2,0,1,0,3,3,7,14.0,21.0,28.0,6,1,3,,,,,,,,,,,,,,,,,,,,,,,,,,,,,,,,,,,,,,,,,7,UNDER_10000,0,0
20260705_京王閣_4R,20260705,京王閣,4,千 葉,A2,A3,追,81,49,82.24,0,0,4,0,0,0,0,16.0,16.0,24.0,,,3,栃 木,A2,A3,追,80,51,79.0,0,0,0,2,0,0,0,0.0,8.0,16.0,,,2,神奈川,A3,A3,逃,107,34,73.58,7,2,0,0,11,9,13,29.0,37.0,58.0,1,3,2,高 知,A3,A3,逃,113,28,69.81,2,1,0,0,3,2,4,12.0,18.0,31.0,6,,,東 京,A3,A3,追,63,57,69.13,0,0,5,0,0,0,0,20.0,33.0,46.0,,,,大 阪,A3,A3,両,90,43,68.8,0,3,2,1,1,0,2,19.0,28.0,47.0,5,3,5,兵 庫,A3,A3,両,98,37,67.93,2,0,5,2,4,5,0,9.0,29.0,35.0,2,4,5,,,,,,,,,,,,,,,,,,,,,,,,,,,,,,,,,,,,,,,,,7,UNDER_10000,0,0
20260705_京王閣_5R,20260705,京王閣,5,岡 山,A2,A3,逃,115,28,90.33,9,2,0,0,14,12,3,33.0,52.0,66.0,2,1,5,福 岡,A2,A3,追,85,49,81.25,0,0,4,1,0,0,0,11.0,18.0,33.0,6,6,7,熊 本,A2,A3,両,89,45,80.37,0,1,0,2,2,3,0,4.0,12.0,20.0,5,7,6,香 川,A3,A3,追,86,45,72.88,0,1,7,5,1,0,0,11.0,48.0,66.0,2,6,2,群 馬,A3,A3,逃,129,21,72.85,0,0,1,0,1,0,0,14.0,14.0,57.0,7,,,群 馬,A3,A3,両,90,40,71.1,8,1,0,3,16,14,3,21.0,42.0,53.0,1,7,3,高 知,A3,A3,追,76,54,69.71,0,0,2,0,0,0,0,4.0,9.0,33.0,4,6,7,,,,,,,,,,,,,,,,,,,,,,,,,,,,,,,,,,,,,,,,,7,UNDER_10000,0,0
20260705_京王閣_6R,20260705,京王閣,6,栃 木,A2,A3,両,100,40,82.95,0,4,0,0,0,0,0,14.0,19.0,28.0,1,6,1,新 潟,A2,A3,追,81,51,81.04,0,0,0,3,1,0,0,0.0,14.0,28.0,,,,愛 知,A2,A3,両,89,42,80.33,0,0,0,1,0,2,3,0.0,6.0,20.0,,,,東 京,A3,A3,逃,129,21,75.22,2,2,1,0,3,2,4,33.0,55.0,66.0,2,3,1,石 川,A3,A3,逃,129,23,70.66,0,0,0,0,1,1,1,0.0,0.0,0.0,6,6,4,千 葉,A3,A3,追,68,54,68.55,0,0,2,0,0,0,0,0.0,11.0,33.0,,,,広 島,A3,A3,追,87,47,68.28,0,0,0,1,0,0,0,0.0,7.0,28.0,4,5,5,,,,,,,,,,,,,,,,,,,,,,,,,,,,,,,,,,,,,,,,,7,UNDER_10000,0,0
20260705_京王閣_7R,20260705,京王閣,7,神奈川,A2,A3,追,70,55,83.52,0,0,2,0,0,0,1,9.0,9.0,28.0,3,6,5,宮 城,A3,A3,逃,129,24,73.88,1,0,0,0,2,2,2,0.0,11.0,55.0,5,3,2,神奈川,A3,A3,逃,129,33,73.66,0,0,0,1,0,1,0,0.0,16.0,50.0,6,2,3,東 京,A3,A3,両,90,43,72.03,0,0,8,3,1,4,9,17.0,37.0,51.0,6,2,4,岡 山,A3,A3,逃,92,41,71.0,9,1,0,0,20,22,1,25.0,32.0,45.0,,,1,広 島,A3,A3,両,99,36,70.61,0,2,5,1,1,0,6,14.0,38.0,42.0,7,2,4,大 阪,A3,A3,逃,119,24,69.51,7,4,1,0,8,11,0,29.0,44.0,44.0,1,4,2,,,,,,,,,,,,,,,,,,,,,,,,,,,,,,,,,,,,,,,,,7,20000_TO_49999,1,0
20260705_伊東_1R,20260705,伊東,1,京 都,A2,A2,両,97,38,79.25,0,0,2,0,0,1,5,3.0,7.0,14.0,,,7,栃 木,A2,A2,追,88,46,78.9,0,0,0,0,0,0,1,0.0,0.0,14.0,6,5,7,富 山,A2,A1,両,98,36,86.09,2,0,3,3,2,3,3,19.0,38.0,52.0,2,2,3,福 島,A2,A2,両,119,26,81.46,1,0,3,2,2,5,6,11.0,22.0,33.0,3,,7,山 梨,A2,A1,追,91,43,86.19,0,0,1,3,0,0,3,4.0,19.0,42.0,4,2,6,京 都,A2,A2,追,70,54,78.9,0,0,0,0,0,0,0,0.0,0.0,9.0,5,4,5,岐 阜,A1,A2,追,121,26,86.88,0,0,1,0,0,0,1,11.0,11.0,33.0,,,,,,,,,,,,,,,,,,,,,,,,,,,,,,,,,,,,,,,,,,,,7,UNDER_10000,0,0
20260705_伊東_2R,20260705,伊東,2,神奈川,A1,A2,追,103,37,87.12,1,0,4,3,2,2,3,16.0,33.0,54.0,3,4,7,長 野,A2,A1,両,98,45,80.95,0,0,0,1,0,1,2,0.0,4.0,23.0,4,6,5,大 阪,A1,A2,両,98,40,80.0,0,0,0,1,0,0,0,0.0,7.0,30.0,,,,千 葉,A2,A2,逃,123,24,83.2,4,0,0,0,5,6,0,26.0,26.0,46.0,7,3,1,埼 玉,A2,A2,追,78,50,77.88,0,0,0,0,0,0,0,0.0,0.0,0.0,7,4,6,愛 知,A2,A2,逃,121,40,77.87,1,1,0,0,5,8,0,5.0,11.0,11.0,,,,静 岡,A2,A2,追,94,38,78.39,0,0,2,0,0,0,1,4.0,8.0,13.0,6,4,6,,,,,,,,,,,,,,,,,,,,,,,,,,,,,,,,,,,,,,,,,7,UNDER_10000,0,0
20260705_伊東_3R,20260705,伊東,3,愛 知,A1,A1,追,76,50,84.57,0,0,2,4,0,0,6,0.0,28.0,38.0,2,4,2,千 葉,A1,A1,追,91,41,88.45,0,1,4,3,0,0,3,12.0,33.0,54.0,1,5,2,埼 玉,A1,A2,追,78,49,86.53,0,0,2,3,0,0,1,0.0,33.0,40.0,,,,愛 知,A1,A1,両,99,50,83.9,0,0,2,0,0,0,0,0.0,18.0,45.0,3,5,7,宮 城,A1,A1,両,105,36,86.14,0,3,6,2,1,0,11,22.0,40.0,59.0,1,7,1,静 岡,A1,A1,逃,93,39,78.33,0,0,0,0,5,10,0,0.0,0.0,20.0,7,3,7,岐 阜,A2,A2,追,64,56,81.94,0,0,0,1,0,0,0,0.0,5.0,27.0,3,4,6,,,,,,,,,,,,,,,,,,,,,,,,,,,,,,,,,,,,,,,,,7,UNDER_10000,0,0
20260705_伊東_4R,20260705,伊東,4,埼 玉,A1,A1,追,81,52,85.58,0,0,2,2,0,0,1,0.0,16.0,33.0,7,3,5,福 井,A2,A2,逃,103,33,86.95,2,2,5,0,3,4,3,33.0,42.0,47.0,7,1,6,宮 城,A2,A2,逃,93,44,86.03,8,2,1,0,14,15,0,25.0,35.0,41.0,6,1,3,青 森,A2,A2,追,89,43,81.48,0,0,3,1,0,0,0,3.0,13.0,20.0,2,5,2,茨 城,A2,A2,追,90,41,83.59,0,0,5,0,0,0,6,17.0,21.0,39.0,3,,,愛 知,A2,A2,追,75,50,79.86,0,0,1,0,0,0,1,0.0,4.0,8.0,2,5,,愛 知,A2,A2,追,84,48,86.22,0,0,5,2,0,0,9,5.0,38.0,50.0,4,2,4,,,,,,,,,,,,,,,,,,,,,,,,,,,,,,,,,,,,,,,,,7,UNDER_10000,0,0
20260705_伊東_5R,20260705,伊東,5,栃 木,A1,A1,追,100,34,92.16,0,4,3,3,2,2,1,38.0,55.0,66.0,,,,神奈川,A2,A1,逃,113,30,84.26,3,3,0,2,7,11,1,26.0,34.0,47.0,,1,1,大 阪,A1,A1,追,75,50,88.58,0,0,7,0,0,0,4,25.0,29.0,54.0,1,7,4,千 葉,A1,A1,追,86,45,87.8,0,0,0,2,0,0,6,0.0,18.0,36.0,4,3,2,富 山,S2,A1,逃,121,27,93.75,2,1,0,1,16,16,1,2.0,11.0,16.0,,4,4,静 岡,A2,A2,追,64,56,79.26,0,0,0,1,0,0,2,0.0,5.0,5.0,5,5,5,茨 城,A2,A2,両,100,40,88.08,0,2,6,2,0,0,6,20.0,41.0,58.0,2,2,2,,,,,,,,,,,,,,,,,,,,,,,,,,,,,,,,,,,,,,,,,7,UNDER_10000,0,0
20260705_伊東_6R,20260705,伊東,6,神奈川,A1,A2,逃,119,28,89.11,8,4,2,0,15,15,16,22.0,51.0,55.0,7,4,2,福 井,A1,A1,追,95,38,92.75,0,0,8,2,0,0,1,29.0,41.0,62.0,4,3,3,福 島,A2,A1,追,88,45,86.47,0,0,6,1,0,0,2,9.0,33.0,42.0,4,5,5,岩 手,A2,A1,逃,125,26,88.94,7,3,0,0,9,11,1,33.0,55.0,77.0,,,,静 岡,S2,A1,追,88,43,94.55,0,0,1,0,0,0,12,5.0,5.0,16.0,6,5,1,大 阪,A3,A2,逃,127,29,76.73,15,6,0,0,17,15,2,53.0,70.0,76.0,1,1,6,静 岡,A1,A1,追,81,47,87.4,0,0,11,4,0,0,3,11.0,55.0,59.0,5,2,2,,,,,,,,,,,,,,,,,,,,,,,,,,,,,,,,,,,,,,,,,7,UNDER_10000,0,0
20260705_伊東_7R,20260705,伊東,7,岐 阜,A3,A2,両,107,31,77.81,4,0,9,8,5,6,11,33.0,77.0,85.0,3,2,2,茨 城,A2,A1,逃,125,22,93.25,10,1,0,1,14,15,5,64.0,70.0,94.0,3,1,3,宮 城,S2,A1,追,91,41,97.56,0,1,5,2,0,0,8,9.0,25.0,37.0,5,6,3,新 潟,S2,A1,追,85,46,98.57,0,0,3,2,0,0,1,10.0,17.0,44.0,6,1,7,福 島,A1,A1,逃,123,27,91.0,1,2,0,0,3,3,3,33.0,50.0,66.0,,,,神奈川,A3,A2,追,65,56,73.94,0,0,6,1,0,0,2,22.0,38.0,55.0,3,3,1,愛 知,A2,A1,逃,93,44,85.25,3,1,1,1,6,4,0,8.0,25.0,37.0,3,6,5,,,,,,,,,,,,,,,,,,,,,,,,,,,,,,,,,,,,,,,,,7,UNDER_10000,0,0
20260705_佐世保_1R,20260705,佐世保,1,三 重,L1,L1,両,124,23,55.91,4,1,2,1,6,6,0,46.0,61.0,61.0,1,1,2,熊 本,L1,L1,両,116,34,53.88,0,9,2,2,4,0,0,25.0,46.0,60.0,1,3,4,神奈川,L1,L1,両,128,25,47.77,1,0,0,3,1,2,1,0.0,18.0,27.0,,,,山 口,L1,L1,両,114,31,50.45,3,1,2,2,8,11,3,16.0,33.0,41.0,4,5,1,三 重,L1,L1,両,118,25,46.8,0,0,2,1,0,2,0,6.0,10.0,16.0,7,4,5,福 岡,L1,L1,両,130,19,43.66,0,0,0,0,0,0,1,0.0,0.0,0.0,5,6,4,埼 玉,L1,L1,両,120,28,48.0,0,0,0,0,0,0,0,0.0,0.0,0.0,,,,,,,,,,,,,,,,,,,,,,,,,,,,,,,,,,,,,,,,,,,,7,UNDER_10000,0,0
20260705_佐世保_2R,20260705,佐世保,2,神奈川,L1,L1,両,108,43,45.62,0,0,1,1,2,3,2,3.0,7.0,14.0,5,6,3,愛 知,L1,L1,両,124,31,51.8,3,0,0,2,5,10,10,9.0,23.0,52.0,3,3,4,埼 玉,L1,L1,追,122,27,51.8,0,0,4,5,0,0,0,3.0,30.0,50.0,5,5,2,和歌山,L1,L1,両,130,31,47.77,0,1,0,0,2,1,2,11.0,11.0,44.0,3,3,6,茨 城,L1,L1,追,110,31,49.1,0,0,2,2,0,0,0,10.0,21.0,36.0,6,4,2,山 口,L1,L1,両,120,31,47.47,0,0,0,0,0,0,0,0.0,0.0,14.0,4,6,4,福 岡,L1,L1,逃,106,32,55.2,0,11,4,2,4,0,0,37.0,70.0,87.0,2,2,3,,,,,,,,,,,,,,,,,,,,,,,,,,,,,,,,,,,,,,,,,7,UNDER_10000,0,0
20260705_佐世保_3R,20260705,佐世保,3,大 阪,A3,A3,逃,103,39,71.26,1,0,1,1,3,3,1,6.0,20.0,40.0,4,7,3,熊 本,A3,A3,逃,129,22,73.22,0,0,2,0,1,0,1,22.0,22.0,33.0,4,6,1,北海道,A3,A3,追,81,48,72.86,0,0,2,3,0,0,0,4.0,21.0,56.0,5,4,3,長 野,A2,A3,逃,107,35,78.5,1,1,0,0,8,12,6,0.0,8.0,12.0,7,6,4,福 岡,A2,A3,追,65,56,82.1,0,0,1,0,0,0,0,10.0,10.0,20.0,6,,,愛 知,A3,A3,追,73,52,69.36,0,0,2,1,0,0,3,5.0,15.0,35.0,2,4,2,徳 島,A3,A3,追,88,48,73.66,0,0,0,1,0,0,0,0.0,25.0,50.0,,,,,,,,,,,,,,,,,,,,,,,,,,,,,,,,,,,,,,,,,,,,7,50000_PLUS,1,1
20260705_佐世保_4R,20260705,佐世保,4,大 分,A2,A3,追,92,41,80.27,0,0,1,0,0,0,1,5.0,5.0,16.0,,,,兵 庫,A3,A3,逃,111,37,73.13,5,3,2,3,12,15,12,16.0,43.0,73.0,2,4,3,静 岡,A3,A3,追,81,50,70.39,0,0,4,0,0,0,0,8.0,17.0,43.0,4,2,3,佐 賀,A3,A3,逃,129,26,76.33,0,3,1,2,0,0,1,33.0,66.0,66.0,6,1,1,三 重,A3,A3,追,59,59,71.44,0,0,1,2,0,0,4,11.0,33.0,55.0,,,,神奈川,A3,A3,両,94,40,67.93,5,2,1,0,6,5,1,24.0,27.0,27.0,7,5,1,大 分,A2,A3,追,94,41,84.55,0,0,1,4,0,0,0,5.0,25.0,40.0,4,5,3,,,,,,,,,,,,,,,,,,,,,,,,,,,,,,,,,,,,,,,,,7,UNDER_10000,0,0
20260705_佐世保_5R,20260705,佐世保,5,長 崎,A3,A3,逃,96,39,70.22,1,1,1,0,2,2,1,22.0,33.0,44.0,,,,福 井,A3,A3,追,86,49,69.44,0,0,1,2,0,1,3,4.0,12.0,32.0,5,1,5,岡 山,A2,A3,追,57,60,84.65,0,0,2,5,0,0,1,3.0,26.0,42.0,5,6,3,長 崎,A3,A3,逃,129,27,70.55,0,0,0,0,0,1,2,0.0,0.0,11.0,4,7,3,香 川,A2,A3,逃,101,34,82.06,5,0,0,0,5,7,0,18.0,31.0,43.0,,,,福 岡,A3,A3,追,69,54,67.92,0,0,3,1,0,0,0,3.0,14.0,33.0,6,4,2,奈 良,A3,A3,両,92,38,72.66,4,1,2,5,5,6,17,8.0,50.0,62.0,2,2,2,,,,,,,,,,,,,,,,,,,,,,,,,,,,,,,,,,,,,,,,,7,UNDER_10000,0,0
20260705_佐世保_6R,20260705,佐世保,6,福 島,A3,A3,両,94,39,72.47,0,0,2,3,0,1,2,0.0,26.0,57.0,2,5,5,奈 良,A2,A3,追,78,50,82.33,0,0,0,1,0,0,0,0.0,8.0,16.0,7,6,5,神奈川,A3,A3,追,57,61,66.4,0,0,0,2,0,0,1,0.0,20.0,30.0,,,,香 川,A2,A3,追,80,52,81.55,0,0,1,2,0,0,6,0.0,11.0,29.0,7,3,5,三 重,A3,A3,逃,129,23,80.55,0,7,0,1,7,0,2,66.0,88.0,88.0,1,1,1,静 岡,A3,A3,追,75,50,64.96,0,0,0,1,2,3,0,0.0,3.0,6.0,6,6,2,長 野,A3,A3,逃,98,35,71.03,5,5,1,0,7,5,1,26.0,36.0,43.0,2,5,1,,,,,,,,,,,,,,,,,,,,,,,,,,,,,,,,,,,,,,,,,7,UNDER_10000,0,0
20260705_佐世保_7R,20260705,佐世保,7,茨 城,A3,A3,追,94,39,70.33,0,0,0,0,0,0,0,0.0,0.0,0.0,4,6,4,熊 本,A2,A3,追,81,49,85.61,0,0,2,1,0,0,15,4.0,14.0,42.0,4,1,4,大 阪,A3,A3,追,86,47,70.52,0,0,2,3,0,0,2,4.0,23.0,42.0,4,1,7,愛 知,A3,A3,逃,129,21,72.55,0,0,0,1,1,1,1,0.0,11.0,33.0,6,5,4,徳 島,A3,A3,追,75,52,70.45,0,0,4,5,0,0,15,3.0,27.0,48.0,,,4,福 島,A3,A3,逃,83,48,66.39,4,0,2,1,4,7,0,10.0,25.0,28.0,5,7,2,鹿児島,A2,A3,逃,125,23,87.33,0,0,0,0,2,2,0,0.0,0.0,33.0,4,4,3,,,,,,,,,,,,,,,,,,,,,,,,,,,,,,,,,,,,,,,,,7,UNDER_10000,0,0
20260705_別府_1R,20260705,別府,1,埼 玉,A1,A3,逃,123,26,82.87,4,0,2,1,7,11,0,12.0,29.0,45.0,7,4,6,福 岡,A3,A3,両,89,43,71.45,0,0,8,1,0,1,0,25.0,37.0,50.0,3,7,3,愛 知,A3,A3,両,87,44,68.5,1,1,1,1,4,3,5,13.0,18.0,27.0,5,1,4,鹿児島,A3,A3,追,57,62,68.18,0,0,1,0,0,0,0,0.0,3.0,29.0,3,4,4,新 潟,A3,A3,追,80,49,67.62,0,2,3,0,0,0,0,8.0,20.0,29.0,,,,奈 良,A3,A3,逃,92,43,65.66,2,1,0,0,4,6,0,11.0,16.0,33.0,7,3,3,,,,,,,,,,,,,,,,,,,,,,,,,,,,,,,,,,,,,,,,,,,,,,,,,,,,,,,,,,,,,6,UNDER_10000,0,0
20260705_別府_2R,20260705,別府,2,沖 縄,A2,A3,追,69,53,79.95,0,0,1,1,0,0,1,4.0,9.0,28.0,6,3,6,愛 知,A3,A3,逃,129,33,71.66,0,0,0,0,0,0,0,0.0,0.0,33.0,3,4,7,鹿児島,A3,A3,追,67,57,70.0,0,0,3,2,0,0,1,3.0,17.0,42.0,6,3,7,広 島,A3,A3,両,91,42,66.18,1,0,0,0,3,4,1,0.0,6.0,18.0,6,,,岡 山,A3,A3,追,78,50,65.88,0,0,1,1,0,0,1,0.0,10.0,15.0,6,2,6,千 葉,A3,A3,追,66,58,64.66,0,0,0,0,0,0,0,0.0,0.0,9.0,4,5,7,,,,,,,,,,,,,,,,,,,,,,,,,,,,,,,,,,,,,,,,,,,,,,,,,,,,,,,,,,,,,6,UNDER_10000,0,0
20260705_別府_3R,20260705,別府,3,大 阪,A2,A3,追,69,54,81.25,0,0,0,3,0,0,2,0.0,11.0,25.0,6,3,4,徳 島,A2,A3,追,76,52,79.23,0,0,2,0,0,0,1,4.0,9.0,9.0,6,5,5,広 島,A3,A3,両,99,42,73.55,2,3,2,1,4,2,3,22.0,44.0,66.0,1,3,5,佐 賀,A3,A3,追,88,45,68.79,0,0,0,2,0,0,1,0.0,8.0,40.0,5,3,3,東 京,A3,A3,追,79,53,68.09,0,0,1,2,0,0,1,0.0,13.0,27.0,2,6,4,徳 島,A3,A3,追,83,46,66.09,0,0,1,2,1,3,0,3.0,9.0,22.0,5,7,5,岐 阜,A3,A3,追,86,47,66.0,0,0,0,1,0,0,1,0.0,7.0,28.0,5,,,,,,,,,,,,,,,,,,,,,,,,,,,,,,,,,,,,,,,,,,,7,UNDER_10000,0,0
20260705_別府_4R,20260705,別府,4,沖 縄,A2,A3,追,92,42,81.05,0,0,0,1,0,0,0,0.0,5.0,29.0,7,6,,栃 木,A2,A3,追,57,60,78.62,0,0,0,0,0,0,0,0.0,0.0,12.0,7,4,6,大 分,A2,A3,追,55,61,77.58,0,0,0,0,0,0,0,0.0,0.0,4.0,7,6,3,新 潟,A3,A3,逃,93,42,71.2,2,2,1,0,4,3,0,20.0,33.0,40.0,,,,福 岡,A3,A3,両,92,40,71.18,0,0,2,8,0,0,7,3.0,37.0,44.0,6,1,6,岡 山,A3,A3,追,75,52,70.75,0,1,4,3,0,0,1,12.0,32.0,48.0,1,6,3,岡 山,A3,A3,追,72,53,67.5,0,0,1,1,0,0,0,0.0,10.0,20.0,5,,,,,,,,,,,,,,,,,,,,,,,,,,,,,,,,,,,,,,,,,,,7,10000_TO_19999,0,0
20260705_別府_5R,20260705,別府,5,千 葉,A2,A3,追,99,42,79.25,0,0,0,1,0,1,4,0.0,4.0,9.0,,5,4,新 潟,A3,A3,逃,119,30,77.33,10,4,2,1,17,12,4,50.0,70.0,83.0,1,3,1,長 崎,A3,A3,逃,129,20,75.66,0,3,0,2,1,0,1,33.0,55.0,66.0,2,3,5,福 岡,A3,A3,逃,129,24,74.11,0,1,1,1,1,2,3,22.0,33.0,44.0,1,4,3,兵 庫,A3,A3,両,89,45,69.85,0,0,3,4,0,1,12,9.0,31.0,45.0,4,2,6,愛 知,A3,A3,追,74,53,68.44,0,0,2,0,0,0,0,0.0,22.0,33.0,,,,福 島,A3,A3,両,99,37,68.35,0,0,3,0,0,0,3,7.0,21.0,28.0,,,,,,,,,,,,,,,,,,,,,,,,,,,,,,,,,,,,,,,,,,,,7,UNDER_10000,0,0
20260705_別府_6R,20260705,別府,6,大 阪,A2,A3,両,105,40,86.13,5,0,2,1,6,7,3,21.0,34.0,52.0,4,5,2,東 京,A3,A3,逃,127,25,77.81,3,14,1,0,8,8,17,55.0,66.0,85.0,1,1,3,岐 阜,A3,A3,逃,129,19,75.22,0,0,2,2,0,1,0,22.0,44.0,55.0,2,2,7,栃 木,A3,A3,追,88,47,73.26,0,0,3,4,0,0,3,15.0,36.0,57.0,,,,熊 本,A3,A3,逃,129,19,72.33,0,0,0,0,1,0,1,0.0,0.0,11.0,3,5,4,神奈川,A3,A3,追,79,50,69.0,0,0,0,1,0,0,0,0.0,3.0,25.0,3,7,5,福 島,A3,A3,追,70,54,67.46,0,0,0,2,0,0,1,0.0,13.0,13.0,,,,,,,,,,,,,,,,,,,,,,,,,,,,,,,,,,,,,,,,,,,,7,UNDER_10000,0,0
20260705_別府_7R,20260705,別府,7,青 森,A2,A3,両,91,41,79.7,0,0,1,0,2,6,1,0.0,5.0,11.0,4,6,5,大 分,A3,A3,逃,129,28,77.66,0,3,3,0,0,1,4,11.0,66.0,77.0,2,2,1,福 島,A3,A3,逃,127,23,77.25,6,10,0,1,10,7,7,54.0,70.0,83.0,1,1,2,兵 庫,A3,A3,逃,127,33,72.5,3,3,0,2,4,6,0,35.0,57.0,64.0,2,1,2,大 阪,A3,A3,両,117,37,70.93,0,2,2,0,1,3,0,20.0,26.0,46.0,,,,奈 良,A3,A3,両,113,36,69.1,0,0,4,0,0,0,1,5.0,21.0,31.0,4,,,高 知,A3,A3,追,88,46,67.04,0,0,1,1,0,0,0,4.0,9.0,19.0,4,5,6,,,,,,,,,,,,,,,,,,,,,,,,,,,,,,,,,,,,,,,,,7,UNDER_10000,0,0
20260705_和歌山_1R,20260705,和歌山,1,石 川,A2,A1,追,77,51,83.04,0,0,2,3,0,0,0,4.0,20.0,37.0,4,2,6,神奈川,A1,A1,逃,119,32,86.25,3,3,2,0,11,13,9,25.0,33.0,50.0,1,6,7,福 島,A1,A1,追,115,27,86.04,0,1,3,1,0,0,3,12.0,20.0,33.0,2,5,4,神奈川,A1,A1,追,82,51,88.57,0,0,3,1,0,0,1,4.0,19.0,38.0,5,5,2,岐 阜,A2,A2,両,115,30,83.04,0,1,3,1,2,2,1,9.0,23.0,33.0,5,4,2,山 口,A3,A2,追,93,50,69.5,0,1,0,0,0,0,0,16.0,16.0,16.0,,,,北海道,A2,A2,逃,127,21,79.86,15,5,1,0,18,14,15,81.0,95.0,95.0,2,,,,,,,,,,,,,,,,,,,,,,,,,,,,,,,,,,,,,,,,,,,7,UNDER_10000,0,0
20260705_和歌山_2R,20260705,和歌山,2,静 岡,A2,A2,追,96,38,79.84,0,0,1,1,0,0,3,0.0,13.0,26.0,4,,,大 阪,A1,A1,逃,98,38,83.16,5,0,0,0,5,7,1,15.0,38.0,38.0,2,7,2,徳 島,A1,A1,両,98,35,88.19,2,3,2,1,10,8,6,14.0,29.0,48.0,1,7,2,兵 庫,A3,A2,逃,103,36,78.0,3,4,2,1,6,3,0,53.0,76.0,84.0,9,,,神奈川,A2,A2,両,96,36,80.76,1,0,1,0,1,1,0,4.0,9.0,27.0,5,2,6,高 知,A3,A2,追,63,57,73.6,0,0,3,3,0,0,0,13.0,40.0,60.0,2,3,2,兵 庫,A1,A2,追,94,43,84.84,0,0,5,2,0,0,1,16.0,28.0,32.0,5,7,2,,,,,,,,,,,,,,,,,,,,,,,,,,,,,,,,,,,,,,,,,7,UNDER_10000,0,0
20260705_和歌山_3R,20260705,和歌山,3,大 阪,A2,A2,逃,111,44,87.64,1,4,1,0,3,3,0,22.0,33.0,50.0,3,1,3,富 山,A3,A2,逃,127,24,75.62,8,3,1,1,12,10,11,40.0,52.0,64.0,1,1,5,茨 城,A2,A2,追,92,41,83.52,0,0,1,4,0,0,6,0.0,20.0,32.0,6,5,4,茨 城,A1,A2,両,95,42,85.58,1,3,1,4,6,8,1,12.0,36.0,48.0,3,,,和歌山,A2,A2,追,99,36,84.42,0,0,2,3,0,0,2,0.0,23.0,38.0,6,2,4,群 馬,A3,A2,追,90,44,71.04,0,0,2,4,1,1,3,4.0,27.0,50.0,5,1,6,愛 知,A1,A1,追,87,48,90.46,0,0,3,3,0,0,0,6.0,37.0,50.0,5,7,2,,,,,,,,,,,,,,,,,,,,,,,,,,,,,,,,,,,,,,,,,7,UNDER_10000,0,0
20260705_和歌山_4R,20260705,和歌山,4,北海道,A3,A2,追,72,53,73.4,0,0,2,4,0,0,0,6.0,37.0,50.0,3,2,3,福 岡,A2,A1,逃,119,28,86.95,5,0,1,0,8,6,6,20.0,30.0,50.0,,1,2,広 島,A1,A1,追,81,50,87.58,0,0,0,8,0,0,0,0.0,44.0,55.0,2,3,2,佐 賀,A2,A2,追,91,39,80.39,0,0,2,0,0,0,1,4.0,8.0,13.0,4,4,1,岡 山,A2,A2,逃,127,23,94.08,14,6,0,0,18,13,1,75.0,83.0,87.0,1,1,5,宮 城,A3,A2,両,109,44,70.22,1,1,3,2,3,7,1,22.0,38.0,55.0,1,3,2,福 岡,A2,A1,両,83,48,82.64,0,3,1,0,0,1,0,16.0,16.0,28.0,7,5,7,,,,,,,,,,,,,,,,,,,,,,,,,,,,,,,,,,,,,,,,,7,UNDER_10000,0,0
20260705_和歌山_5R,20260705,和歌山,5,高 知,A1,A1,両,99,35,94.8,0,1,6,3,0,0,5,35.0,58.0,70.0,6,2,1,大 阪,A1,A1,逃,117,26,95.94,0,12,1,0,5,1,3,68.0,68.0,84.0,3,1,1,埼 玉,S2,A1,追,90,41,96.62,1,0,2,0,1,1,2,8.0,8.0,20.0,7,4,5,宮 城,S2,A1,逃,119,32,92.78,0,2,0,0,8,8,10,3.0,7.0,14.0,9,8,5,和歌山,S2,A1,両,115,35,98.83,0,5,2,1,1,1,6,16.0,33.0,41.0,,,,埼 玉,A2,A1,逃,125,25,90.75,10,4,0,0,16,16,8,33.0,58.0,62.0,3,1,6,岡 山,A2,A1,逃,113,30,92.51,2,11,5,1,10,4,1,37.0,70.0,88.0,2,1,4,,,,,,,,,,,,,,,,,,,,,,,,,,,,,,,,,,,,,,,,,7,UNDER_10000,0,0
20260705_和歌山_6R,20260705,和歌山,6,茨 城,S1,S2,追,99,42,103.27,0,0,1,0,0,0,2,5.0,5.0,30.0,6,5,6,福 井,S2,S2,逃,117,28,100.05,0,3,2,0,3,6,2,10.0,26.0,31.0,,,,宮 城,S2,S2,逃,119,24,99.57,4,3,2,0,14,14,11,19.0,34.0,42.0,1,6,4,千 葉,S2,S2,逃,115,29,102.52,8,4,0,0,17,16,1,28.0,48.0,56.0,2,3,1,福 島,A1,S2,追,95,38,92.77,0,0,3,6,0,0,1,11.0,50.0,66.0,3,2,2,大 阪,S1,S1,追,73,52,0.0,0,0,0,0,0,0,0,0.0,0.0,0.0,,,,宮 城,S1,S1,追,100,38,104.95,0,0,3,3,0,0,9,4.0,25.0,45.0,4,3,,,,,,,,,,,,,,,,,,,,,,,,,,,,,,,,,,,,,,,,,,7,20000_TO_49999,1,0
20260705_和歌山_7R,20260705,和歌山,7,佐 賀,S2,S2,逃,121,28,100.6,5,4,0,0,15,17,1,20.0,36.0,44.0,5,1,2,埼 玉,S2,S2,逃,121,24,103.25,3,1,2,0,4,6,0,25.0,37.0,56.0,1,3,7,福 井,S2,S2,逃,115,26,96.46,6,0,0,0,15,18,4,10.0,21.0,32.0,7,3,1,長 崎,S2,S2,両,92,40,104.59,3,6,2,0,5,5,7,22.0,40.0,55.0,5,8,5,東 京,S2,S1,追,92,43,104.36,0,0,8,3,0,0,6,24.0,44.0,52.0,1,4,5,大 阪,A1,S2,両,109,30,89.47,1,4,5,0,3,3,9,38.0,47.0,47.0,4,5,1,東 京,S2,S2,追,92,40,99.0,0,0,1,1,0,0,2,4.0,9.0,22.0,3,7,5,,,,,,,,,,,,,,,,,,,,,,,,,,,,,,,,,,,,,,,,,7,10000_TO_19999,0,0
20260705_和歌山_8R,20260705,和歌山,8,愛 知,S2,S2,両,91,40,102.29,2,1,3,1,3,3,3,12.0,28.0,44.0,3,7,3,宮 崎,S2,S2,両,100,35,106.12,0,1,11,1,0,0,4,36.0,52.0,64.0,5,1,2,群 馬,A1,S2,逃,121,26,91.5,0,3,0,3,1,5,5,21.0,42.0,57.0,4,7,,青 森,S2,S2,追,79,51,97.6,0,0,2,2,0,0,0,0.0,15.0,23.0,4,2,6,福 岡,S1,S1,逃,111,29,103.68,0,4,1,0,3,2,0,17.0,21.0,39.0,3,3,4,埼 玉,A1,S2,追,90,41,91.1,0,1,2,3,0,0,1,10.0,30.0,50.0,5,2,3,三 重,A1,S2,逃,117,31,92.44,2,4,0,1,9,6,3,11.0,38.0,61.0,4,2,4,,,,,,,,,,,,,,,,,,,,,,,,,,,,,,,,,,,,,,,,,7,UNDER_10000,0,0
20260705_和歌山_9R,20260705,和歌山,9,千 葉,S2,S2,追,90,40,100.93,0,1,7,2,0,0,12,17.0,34.0,51.0,4,1,2,熊 本,S2,S2,両,99,37,99.0,1,3,1,1,2,1,10,16.0,19.0,35.0,,4,2,香 川,S2,S1,追,96,40,99.43,0,0,1,4,0,0,3,4.0,21.0,30.0,4,3,5,宮 城,S2,S2,追,69,53,100.16,0,0,3,1,0,0,0,5.0,21.0,31.0,7,2,4,愛 媛,A1,S2,逃,119,23,96.1,6,6,3,0,12,6,1,52.0,78.0,84.0,3,2,1,埼 玉,A1,S2,追,99,39,90.58,0,0,1,2,0,0,0,0.0,23.0,30.0,4,2,7,静 岡,S2,S2,逃,127,20,104.25,6,6,0,0,12,9,3,36.0,48.0,68.0,3,6,9,,,,,,,,,,,,,,,,,,,,,,,,,,,,,,,,,,,,,,,,,7,20000_TO_49999,1,0
20260705_和歌山_10R,20260705,和歌山,10,広 島,S1,S2,逃,123,26,108.75,3,4,0,0,7,5,6,22.0,38.0,50.0,2,,,三 重,S2,S2,両,100,34,97.46,0,3,3,0,4,3,3,7.0,22.0,37.0,4,3,4,神奈川,S2,S2,追,111,35,94.76,0,0,0,3,0,0,1,0.0,9.0,32.0,9,7,3,福 岡,S2,S1,両,81,47,102.95,0,5,2,1,0,0,0,13.0,36.0,45.0,3,9,2,岐 阜,S1,S1,追,98,36,104.48,0,0,4,5,0,0,2,10.0,32.0,46.0,2,6,3,北海道,A2,S2,追,89,45,91.69,0,0,11,8,0,0,0,30.0,73.0,80.0,1,1,5,徳 島,S1,S2,逃,111,31,103.42,2,3,1,0,4,4,2,13.0,40.0,40.0,6,5,1,,,,,,,,,,,,,,,,,,,,,,,,,,,,,,,,,,,,,,,,,7,20000_TO_49999,1,0
20260705_和歌山_11R,20260705,和歌山,11,兵 庫,S2,S2,追,69,53,92.33,0,0,0,0,0,0,0,0.0,0.0,0.0,6,7,4,香 川,A1,S2,追,80,48,92.09,0,0,3,4,0,0,0,14.0,33.0,61.0,6,2,3,埼 玉,S2,S2,逃,100,34,98.5,3,1,1,0,3,4,0,12.0,31.0,43.0,7,2,2,和歌山,S1,S1,追,85,46,107.85,0,0,4,0,0,0,3,13.0,17.0,26.0,1,6,1,東 京,S2,S2,追,85,46,101.68,0,1,4,4,1,1,8,11.0,34.0,53.0,6,2,3,岡 山,A1,S2,逃,123,26,84.66,3,1,0,1,9,9,2,6.0,33.0,73.0,2,3,3,和歌山,S2,S2,両,119,24,104.46,0,2,3,0,0,3,0,23.0,38.0,53.0,,,,,,,,,,,,,,,,,,,,,,,,,,,,,,,,,,,,,,,,,,,,7,UNDER_10000,0,0
20260705_和歌山_12R,20260705,和歌山,12,福 島,S1,S1,追,88,47,113.63,0,0,3,4,0,0,6,10.0,36.0,57.0,3,3,2,千 葉,S1,S1,両,94,42,112.04,5,1,3,0,7,8,0,28.0,36.0,36.0,9,1,1,岡 山,S1,S1,追,87,44,110.53,0,0,7,5,0,0,2,21.0,36.0,45.0,2,4,8,岐 阜,S2,S1,逃,117,26,108.81,5,6,1,0,5,6,1,45.0,54.0,68.0,3,1,7,福 島,S1,S1,逃,109,30,108.16,0,4,1,1,10,9,1,16.0,33.0,33.0,9,9,4,茨 城,S1,S1,両,107,36,108.0,0,1,4,2,1,2,3,12.0,29.0,54.0,2,4,7,熊 本,S1,S1,両,117,26,108.04,0,3,2,0,1,2,4,14.0,23.0,47.0,9,5,3,,,,,,,,,,,,,,,,,,,,,,,,,,,,,,,,,,,,,,,,,7,50000_PLUS,1,1
20260705_小松島_1R,20260705,小松島,1,香 川,A1,S2,追,91,39,94.16,0,0,6,0,0,0,2,50.0,50.0,75.0,1,1,6,奈 良,A2,S2,逃,125,25,93.9,13,2,2,0,15,15,11,47.0,80.0,95.0,2,2,3,千 葉,S2,S2,両,99,39,94.74,0,0,1,0,0,0,6,0.0,3.0,14.0,5,7,6,千 葉,A1,S2,両,113,32,90.94,1,3,0,0,5,8,1,11.0,22.0,50.0,4,5,4,福 岡,S2,S1,逃,123,26,97.4,2,1,0,0,3,3,0,10.0,30.0,40.0,,,,岐 阜,A1,S2,追,85,46,89.47,0,0,2,1,0,0,1,0.0,17.0,29.0,,,,埼 玉,A1,S2,追,99,36,93.46,0,1,6,2,0,0,5,20.0,60.0,80.0,,,,広 島,A1,S2,追,81,52,90.8,0,0,4,1,0,0,5,20.0,33.0,60.0,,,,,,,,,,,,,,,,,,,,,,,,8,20000_TO_49999,1,0
20260705_小松島_2R,20260705,小松島,2,埼 玉,S2,S2,逃,121,27,97.44,2,3,0,0,4,6,3,11.0,27.0,38.0,,,,岡 山,A1,S2,逃,123,26,91.88,3,6,0,0,7,5,9,38.0,50.0,55.0,4,4,3,大 阪,S2,S2,追,100,35,95.5,0,0,0,1,0,0,1,0.0,3.0,30.0,7,3,5,千 葉,S1,S2,追,79,48,100.0,0,0,2,1,0,0,2,8.0,12.0,20.0,4,5,4,岐 阜,S2,S2,逃,99,38,98.48,1,3,0,0,10,13,4,7.0,15.0,30.0,7,1,4,神奈川,A1,S2,追,74,53,90.45,0,0,2,1,0,0,1,18.0,27.0,45.0,,,,青 森,S2,S2,追,73,51,93.33,0,0,0,0,0,0,0,0.0,0.0,4.0,6,5,5,徳 島,A1,S2,両,86,45,91.72,0,1,2,4,0,0,0,11.0,38.0,55.0,7,2,3,,,,,,,,,,,,,,,,,,,,,8,UNDER_10000,0,0
20260705_小松島_3R,20260705,小松島,3,富 山,S1,S1,逃,121,27,107.47,6,3,0,0,16,11,6,21.0,47.0,63.0,3,2,1,栃 木,S2,S2,追,115,26,99.3,0,0,4,0,1,1,3,7.0,14.0,35.0,4,3,4,徳 島,S2,S2,追,98,50,98.3,0,0,4,3,0,0,0,15.0,26.0,34.0,6,8,4,埼 玉,A1,S2,追,86,47,91.5,0,0,4,2,0,0,11,5.0,30.0,55.0,4,4,2,長 崎,A1,S2,逃,123,28,91.0,2,5,0,0,3,1,2,40.0,46.0,53.0,,,,熊 本,A1,S2,追,82,50,85.38,0,0,4,4,0,0,1,19.0,38.0,47.0,4,5,1,新 潟,A1,S2,逃,125,23,94.73,7,2,0,1,10,9,5,40.0,66.0,73.0,,,,静 岡,A1,S2,追,100,36,88.3,0,0,4,0,0,0,10,14.0,19.0,47.0,1,6,7,,,,,,,,,,,,,,,,,,,,,8,UNDER_10000,0,0
20260705_小松島_4R,20260705,小松島,4,福 岡,S2,S2,追,89,43,94.9,0,0,0,1,0,0,9,0.0,3.0,16.0,7,4,4,栃 木,S2,S2,追,85,47,97.86,0,0,3,1,0,0,0,4.0,17.0,34.0,4,4,3,三 重,A1,S2,両,103,42,93.16,0,0,1,1,0,0,2,0.0,33.0,83.0,3,2,3,栃 木,S2,S2,逃,119,28,92.36,0,1,0,0,5,6,2,0.0,4.0,12.0,5,7,3,岐 阜,S2,S2,両,115,27,102.54,0,1,5,2,0,0,3,27.0,36.0,45.0,,,,富 山,A1,S2,両,90,45,88.2,2,5,2,0,4,2,0,30.0,45.0,45.0,,2,2,長 崎,S2,S2,逃,111,29,99.95,2,6,1,1,4,6,10,25.0,41.0,54.0,6,7,1,東 京,A1,S2,追,94,45,88.76,0,0,6,6,0,0,15,14.0,57.0,76.0,2,4,2,長 崎,S2,S2,追,105,42,101.33,0,1,1,2,0,0,5,6.0,26.0,40.0,,,,9,UNDER_10000,0,0
20260705_小松島_5R,20260705,小松島,5,愛 媛,S2,S2,逃,115,27,101.0,2,4,0,0,3,3,4,20.0,40.0,60.0,3,1,3,岩 手,S2,S2,逃,113,31,97.64,0,2,2,0,2,2,1,11.0,23.0,35.0,,,,福 井,S2,S2,追,92,40,99.48,0,0,4,2,0,0,0,7.0,22.0,40.0,4,2,4,埼 玉,S2,S2,逃,113,32,94.0,0,0,2,0,1,5,7,8.0,8.0,16.0,,4,6,広 島,S2,S2,両,109,34,95.03,0,0,2,0,0,0,0,6.0,6.0,10.0,4,5,5,東 京,A1,S2,追,91,44,90.91,0,0,3,5,0,0,18,8.0,33.0,62.0,7,3,2,徳 島,S2,S2,追,93,40,98.91,0,0,1,2,0,0,1,4.0,12.0,37.0,5,2,1,和歌山,A1,S2,逃,115,26,92.61,2,6,2,0,5,6,2,40.0,50.0,50.0,7,1,7,宮 城,S2,S2,追,107,36,99.95,0,0,3,1,0,0,6,5.0,20.0,40.0,5,2,3,9,UNDER_10000,0,0
20260705_小松島_6R,20260705,小松島,6,福 島,S2,S2,追,97,39,102.71,0,0,5,5,0,0,6,14.0,35.0,60.0,4,2,4,山 梨,S2,S2,追,96,40,94.88,0,0,3,0,0,0,2,4.0,12.0,12.0,6,2,1,静 岡,S2,S2,逃,123,22,99.4,6,1,1,0,13,16,0,9.0,36.0,45.0,6,2,3,熊 本,A1,S2,逃,119,29,92.92,1,4,1,0,2,1,1,21.0,42.0,57.0,2,1,2,宮 城,S2,S2,追,98,36,99.15,0,0,5,1,0,0,3,11.0,23.0,34.0,6,4,5,福 岡,A1,S2,追,101,38,91.61,0,0,5,1,0,0,5,11.0,33.0,61.0,5,3,2,長 野,S1,S2,追,97,36,108.04,0,1,5,4,0,0,9,12.0,40.0,52.0,2,4,6,福 岡,A1,S2,逃,111,31,92.33,3,4,3,0,4,4,2,27.0,55.0,61.0,3,2,1,茨 城,A1,S2,逃,111,28,94.66,4,6,5,0,9,8,0,42.0,71.0,76.0,2,1,7,9,50000_PLUS,1,1
20260705_小松島_7R,20260705,小松島,7,徳 島,S1,S1,両,100,34,102.21,1,1,0,0,1,2,5,0.0,10.0,10.0,6,5,7,青 森,S2,S2,逃,115,26,100.53,4,3,1,0,12,12,0,14.0,28.0,39.0,4,1,2,岡 山,S2,S1,逃,115,27,103.38,2,3,0,0,7,8,2,11.0,19.0,30.0,3,4,6,岡 山,S2,S2,追,99,38,98.67,0,0,3,2,1,1,0,10.0,17.0,35.0,7,4,1,徳 島,S2,S2,逃,125,26,103.14,1,4,1,0,4,3,3,40.0,40.0,40.0,,,,岡 山,S2,S2,追,96,45,97.66,0,1,3,1,0,0,1,9.0,16.0,35.0,3,4,3,香 川,S2,S2,追,91,40,101.09,0,0,4,4,0,0,2,8.0,34.0,47.0,5,4,3,青 森,S2,S2,逃,123,27,97.8,3,3,0,0,4,5,0,14.0,28.0,28.0,,,,東 京,S2,S2,逃,115,27,100.6,5,2,1,0,12,10,3,17.0,34.0,47.0,2,5,3,9,20000_TO_49999,1,0
20260705_小松島_8R,20260705,小松島,8,青 森,S2,S1,逃,121,27,104.42,5,6,1,0,13,12,7,34.0,46.0,61.0,1,1,7,徳 島,S1,S1,逃,109,30,104.47,0,4,1,0,4,4,9,14.0,23.0,47.0,3,5,5,滋 賀,S2,S1,両,99,40,101.48,1,3,3,2,6,9,5,6.0,31.0,48.0,4,6,1,千 葉,S1,S2,逃,111,43,100.06,7,2,0,0,17,19,0,19.0,29.0,38.0,6,4,1,徳 島,S1,S2,逃,117,26,104.4,3,6,1,0,7,7,0,20.0,50.0,60.0,,,,三 重,S2,S2,追,91,41,99.42,0,0,5,1,0,0,4,9.0,27.0,31.0,5,6,7,青 森,S1,S1,追,98,35,104.21,0,0,5,1,0,0,6,10.0,21.0,50.0,6,4,6,佐 賀,S2,S2,両,93,39,99.47,0,0,3,0,0,0,3,9.0,14.0,28.0,2,7,6,高 知,S2,S2,追,98,42,104.33,0,0,3,2,0,0,5,6.0,33.0,60.0,,,,9,20000_TO_49999,1,0
20260705_小松島_9R,20260705,小松島,9,岐 阜,S2,S1,両,103,32,103.84,2,3,1,3,10,9,5,10.0,32.0,46.0,1,6,5,福 島,S1,S1,両,88,47,109.42,0,0,5,1,0,0,1,19.0,28.0,52.0,5,8,1,高 知,S2,S2,追,109,36,102.0,0,0,2,2,0,0,2,4.0,18.0,45.0,4,1,5,熊 本,S1,S2,逃,117,29,101.66,1,3,0,0,3,2,0,13.0,26.0,26.0,1,7,6,神奈川,S1,S1,逃,117,32,110.0,2,2,1,1,5,5,0,12.0,37.0,43.0,9,2,8,石 川,S2,S2,追,76,51,97.56,0,0,2,1,0,0,0,4.0,12.0,33.0,4,3,2,熊 本,S1,S1,追,90,42,104.55,0,0,2,3,0,0,0,5.0,25.0,50.0,2,3,2,岡 山,S2,S2,逃,123,26,101.6,5,3,1,0,12,13,2,20.0,36.0,48.0,5,5,4,福 岡,S1,S1,両,89,42,103.6,0,1,4,5,1,0,4,13.0,43.0,43.0,4,2,2,9,20000_TO_49999,1,0
20260705_小松島_10R,20260705,小松島,10,茨 城,S1,S1,両,103,43,106.57,0,2,5,1,1,0,4,11.0,30.0,46.0,1,4,3,福 岡,S1,S1,追,90,41,109.33,0,0,2,2,0,0,1,4.0,16.0,33.0,6,4,3,徳 島,S2,S2,両,111,29,106.52,0,5,6,3,1,0,3,42.0,53.0,69.0,3,1,1,徳 島,S2,S2,両,121,25,105.2,3,5,1,0,5,1,1,25.0,56.0,62.0,,,,栃 木,S1,S1,両,115,31,112.03,2,6,4,0,4,3,5,33.0,44.0,62.0,6,1,4,静 岡,S2,S2,逃,121,24,96.84,4,2,0,0,10,10,7,19.0,23.0,30.0,2,7,1,栃 木,S1,S1,両,96,36,108.86,0,1,2,2,0,1,4,4.0,22.0,27.0,4,4,8,千 葉,S2,S1,追,84,49,101.76,0,2,4,1,1,0,2,23.0,33.0,47.0,,,,佐 賀,S2,S1,逃,117,26,105.5,8,3,2,4,12,12,0,37.0,53.0,56.0,2,4,1,9,UNDER_10000,0,0
20260705_小松島_11R,20260705,小松島,11,広 島,S1,S1,両,98,35,116.79,0,6,7,1,2,0,9,40.0,56.0,64.0,3,4,1,和歌山,S1,S2,逃,105,32,108.72,0,9,4,0,4,2,2,23.0,50.0,61.0,1,1,5,沖 縄,S1,S1,逃,115,27,107.34,3,5,1,2,10,10,4,13.0,37.0,68.0,7,2,2,福 井,S2,S2,両,103,35,101.8,0,0,8,2,2,2,6,26.0,38.0,50.0,3,3,3,福 島,S2,S2,両,88,42,105.4,0,9,1,2,1,1,7,18.0,44.0,59.0,4,2,5,静 岡,S2,S2,追,80,48,100.55,0,0,2,2,0,0,2,9.0,19.0,38.0,,,,宮 城,S1,S1,追,85,47,107.36,0,1,2,1,0,0,4,8.0,16.0,36.0,8,3,5,熊 本,S2,S2,逃,121,25,101.13,0,5,1,0,7,7,0,20.0,20.0,34.0,5,3,4,広 島,S1,S1,逃,123,28,110.0,3,2,0,0,8,10,5,5.0,27.0,44.0,5,3,9,9,UNDER_10000,0,0
20260705_小松島_12R,20260705,小松島,12,神奈川,SS,SS,両,99,35,116.25,0,2,2,0,3,3,6,14.0,28.0,57.0,5,3,2,徳 島,S1,S1,逃,119,30,115.44,7,9,0,0,13,7,2,42.0,57.0,64.0,1,2,6,大 阪,SS,SS,両,100,35,121.42,1,4,10,1,3,0,0,57.0,84.0,89.0,2,2,1,徳 島,S1,S1,追,77,50,110.5,0,0,3,4,0,0,1,8.0,30.0,34.0,5,4,6,熊 本,SS,SS,逃,113,28,116.47,0,12,0,0,1,3,1,30.0,52.0,56.0,2,1,2,徳 島,S1,S1,追,96,37,106.05,0,0,1,0,0,0,2,4.0,4.0,31.0,9,8,7,東 京,S1,S1,両,107,32,114.95,2,8,4,1,4,2,9,36.0,68.0,68.0,8,1,2,千 葉,S1,S1,追,87,45,108.91,0,0,6,1,0,0,1,12.0,29.0,37.0,3,8,7,香 川,S1,S1,逃,117,26,111.47,5,3,0,0,11,9,1,25.0,40.0,45.0,4,4,3,9,10000_TO_19999,0,0
20260705_岸和田_1R,20260705,岸和田,1,福 島,A3,A3,両,92,39,75.79,2,11,2,0,2,2,9,50.0,62.0,75.0,1,5,1,青 森,A3,A3,追,94,43,71.33,0,0,0,4,0,0,5,0.0,22.0,33.0,2,4,3,富 山,A3,A3,追,87,46,69.1,0,0,1,1,0,0,1,0.0,20.0,40.0,7,7,5,愛 知,A3,A3,両,97,41,68.74,1,8,0,1,10,5,3,33.0,37.0,44.0,,,1,福 井,A3,A3,追,61,58,66.03,0,0,2,2,0,0,1,3.0,14.0,22.0,6,5,5,,,,,,,,,,,,,,,,,,,,,,,,,,,,,,,,,,,,,,,,,,,,,,,,,,,,,,,,,,,,,,,,,,,,,,,,,,,,,,,,,5,UNDER_10000,0,0
20260705_岸和田_2R,20260705,岸和田,2,静 岡,A3,A3,両,77,50,71.27,5,4,0,2,6,8,3,10.0,37.0,55.0,2,5,3,埼 玉,A3,A3,両,98,36,68.21,2,1,0,1,6,8,1,7.0,14.0,28.0,4,6,7,宮 城,A3,A3,追,77,51,68.17,0,0,2,0,1,0,2,4.0,8.0,34.0,3,5,4,長 野,A3,A3,逃,98,37,67.83,4,1,0,0,8,8,2,8.0,20.0,29.0,7,5,1,福 島,A3,A3,追,92,43,67.61,0,0,1,2,0,0,3,0.0,21.0,28.0,,,,愛 知,A3,A3,追,57,59,62.46,0,0,0,0,0,0,0,0.0,0.0,0.0,7,7,7,,,,,,,,,,,,,,,,,,,,,,,,,,,,,,,,,,,,,,,,,,,,,,,,,,,,,,,,,,,,,6,UNDER_10000,0,0
20260705_岸和田_3R,20260705,岸和田,3,千 葉,A2,A3,逃,111,33,75.25,0,0,0,0,0,0,0,0.0,0.0,0.0,,,,埼 玉,A3,A3,逃,129,20,72.77,0,0,1,1,0,1,1,0.0,22.0,33.0,4,6,4,静 岡,A3,A3,追,74,53,69.2,0,0,0,1,0,0,3,0.0,6.0,40.0,,,,新 潟,A3,A3,追,85,47,67.86,0,1,2,0,0,0,0,13.0,13.0,26.0,5,4,6,福 島,A3,A3,両,94,40,67.44,1,6,0,0,6,6,5,14.0,25.0,33.0,7,4,2,秋 田,A3,A3,追,75,51,67.06,0,0,1,1,0,0,1,0.0,13.0,13.0,6,2,4,和歌山,A3,A3,追,86,49,66.9,0,0,0,0,0,0,0,0.0,0.0,30.0,,,,,,,,,,,,,,,,,,,,,,,,,,,,,,,,,,,,,,,,,,,,7,UNDER_10000,0,0
20260705_岸和田_4R,20260705,岸和田,4,青 森,A2,A3,追,82,48,76.8,0,0,0,0,0,0,0,0.0,0.0,0.0,6,6,5,宮 城,A3,A3,逃,129,20,73.0,0,1,0,1,1,1,4,11.0,22.0,44.0,3,4,1,富 山,A3,A3,逃,127,24,72.57,4,0,1,1,6,7,3,5.0,31.0,57.0,,,,岐 阜,A3,A3,追,82,50,70.62,0,0,0,3,0,0,0,0.0,11.0,37.0,3,4,7,神奈川,A3,A3,追,63,56,69.17,0,0,3,1,0,0,0,7.0,14.0,39.0,4,4,1,神奈川,A3,A3,追,82,48,68.65,0,0,0,2,0,0,0,0.0,9.0,23.0,3,7,5,和歌山,A3,A3,追,115,27,67.33,0,0,0,0,1,2,0,0.0,0.0,22.0,7,5,,,,,,,,,,,,,,,,,,,,,,,,,,,,,,,,,,,,,,,,,,7,UNDER_10000,0,0
20260705_岸和田_5R,20260705,岸和田,5,京 都,A2,A3,両,93,39,81.26,0,0,1,1,0,0,3,5.0,10.0,36.0,7,,,栃 木,A2,A3,追,81,49,79.7,0,0,0,0,0,0,2,0.0,0.0,11.0,6,7,,千 葉,A2,A3,追,68,56,78.35,0,0,0,0,0,0,1,0.0,0.0,17.0,5,6,,東 京,A3,A3,逃,129,28,73.0,1,0,1,0,1,2,0,0.0,22.0,44.0,2,3,2,大 阪,A3,A3,両,97,39,72.81,0,1,7,2,0,1,3,25.0,37.0,66.0,7,1,1,神奈川,A3,A3,両,99,42,72.08,2,10,3,3,6,4,3,38.0,52.0,58.0,6,4,2,和歌山,A3,A3,逃,109,30,71.65,5,2,1,1,7,11,10,17.0,39.0,56.0,3,2,6,,,,,,,,,,,,,,,,,,,,,,,,,,,,,,,,,,,,,,,,,7,10000_TO_19999,0,0
20260705_岸和田_6R,20260705,岸和田,6,千 葉,A2,A3,逃,96,41,81.57,0,0,1,1,0,0,2,4.0,9.0,33.0,4,4,4,岐 阜,A2,A3,追,94,39,80.33,0,0,2,2,0,0,2,9.0,19.0,19.0,6,7,6,兵 庫,A2,A3,両,100,40,80.33,0,0,1,1,0,0,6,4.0,8.0,20.0,5,4,4,神奈川,A3,A3,逃,127,27,75.74,12,2,0,0,17,19,2,29.0,51.0,74.0,2,1,1,大 阪,A3,A3,逃,129,24,74.0,1,0,0,1,0,0,0,0.0,33.0,50.0,4,5,2,埼 玉,A3,A3,逃,111,31,73.0,6,3,0,0,16,14,1,15.0,34.0,50.0,2,7,,兵 庫,A3,A3,追,95,40,70.2,0,0,2,2,0,0,2,4.0,16.0,41.0,5,6,7,,,,,,,,,,,,,,,,,,,,,,,,,,,,,,,,,,,,,,,,,7,UNDER_10000,0,0
20260705_岸和田_7R,20260705,岸和田,7,東 京,A2,A3,追,71,52,83.32,0,0,3,3,0,0,1,8.0,24.0,32.0,2,4,7,宮 城,A2,A3,逃,111,28,80.45,3,1,1,0,7,8,4,0.0,20.0,29.0,6,2,5,愛 知,A2,A3,追,65,56,79.88,0,0,0,1,0,0,0,0.0,11.0,22.0,,,,宮 城,A2,A3,追,74,53,79.66,0,0,0,0,0,0,0,0.0,0.0,0.0,4,6,7,栃 木,A3,A3,逃,129,27,75.88,1,2,0,1,2,1,0,33.0,44.0,55.0,3,6,1,神奈川,A3,A3,追,86,47,71.54,0,0,3,0,0,0,1,18.0,27.0,36.0,,,,静 岡,A3,A3,逃,74,51,69.09,4,0,0,1,4,5,3,4.0,22.0,27.0,2,6,4,,,,,,,,,,,,,,,,,,,,,,,,,,,,,,,,,,,,,,,,,7,UNDER_10000,0,0
20260705_豊橋_1R,20260705,豊橋,1,栃 木,A1,A1,追,72,53,87.91,0,0,3,1,0,0,1,16.0,33.0,41.0,2,4,6,長 崎,A2,A1,逃,125,22,83.19,5,1,0,0,10,11,0,28.0,28.0,33.0,6,1,4,三 重,A2,A2,両,115,35,80.5,0,0,1,0,2,5,4,0.0,4.0,22.0,5,7,7,埼 玉,A2,A1,逃,125,26,85.26,5,1,0,0,10,12,2,15.0,31.0,31.0,2,7,5,大 分,A1,A1,追,92,44,84.9,0,0,1,3,0,0,1,4.0,19.0,42.0,5,2,6,石 川,A3,A2,追,61,57,74.33,0,0,8,4,0,0,2,14.0,42.0,60.0,1,2,3,栃 木,A2,A2,追,74,53,81.58,0,0,0,2,0,0,1,0.0,8.0,16.0,6,2,6,,,,,,,,,,,,,,,,,,,,,,,,,,,,,,,,,,,,,,,,,7,10000_TO_19999,0,0
20260705_豊橋_2R,20260705,豊橋,2,岡 山,A1,A1,逃,103,33,88.8,2,4,2,0,7,10,0,28.0,38.0,57.0,,,,滋 賀,A2,A2,追,95,39,83.91,0,0,2,1,0,0,2,4.0,12.0,29.0,4,4,4,福 島,A2,A2,両,98,35,84.03,0,2,6,1,0,0,2,18.0,33.0,44.0,3,7,2,愛 媛,A1,A2,両,101,38,80.08,0,0,0,2,0,1,2,0.0,8.0,8.0,7,6,4,兵 庫,A3,A2,逃,125,25,78.33,13,8,0,0,17,15,12,66.0,87.0,91.0,1,1,4,神奈川,A3,A2,追,92,39,71.78,0,0,1,3,0,0,9,5.0,21.0,52.0,5,,,大 阪,A1,A1,追,79,48,88.9,0,0,4,1,0,0,4,19.0,23.0,38.0,7,4,1,,,,,,,,,,,,,,,,,,,,,,,,,,,,,,,,,,,,,,,,,7,UNDER_10000,0,0
20260705_豊橋_3R,20260705,豊橋,3,愛 知,A1,A1,追,77,51,83.32,0,0,3,1,0,0,0,4.0,16.0,28.0,,,1,青 森,A2,A2,両,92,38,81.28,0,0,1,0,4,6,3,4.0,4.0,33.0,5,4,5,長 崎,A1,A2,逃,123,23,88.28,4,3,2,0,5,4,1,28.0,42.0,52.0,1,4,4,宮 城,A1,A1,追,87,44,84.85,0,0,2,2,0,0,0,9.0,19.0,42.0,5,1,3,大 分,A2,A2,両,101,40,80.42,0,0,2,0,0,0,0,0.0,10.0,25.0,7,5,2,愛 知,A3,A2,逃,127,28,76.69,9,3,1,0,13,11,7,33.0,54.0,79.0,1,3,6,佐 賀,A2,A2,追,66,56,85.71,0,0,1,2,0,0,1,4.0,14.0,47.0,4,6,6,,,,,,,,,,,,,,,,,,,,,,,,,,,,,,,,,,,,,,,,,7,20000_TO_49999,1,0
20260705_豊橋_4R,20260705,豊橋,4,愛 媛,A2,A2,両,85,47,81.88,2,0,2,2,5,8,4,0.0,22.0,33.0,5,2,3,神奈川,A1,A1,追,88,46,86.2,0,0,4,2,0,0,4,13.0,40.0,53.0,6,2,1,群 馬,A2,A2,追,73,51,81.61,0,0,2,1,0,0,0,5.0,16.0,22.0,,,,長 崎,A2,A2,追,79,52,81.05,0,0,1,1,0,0,0,0.0,11.0,22.0,,,,神奈川,A1,A2,追,96,41,84.61,0,0,4,2,0,0,2,14.0,28.0,38.0,5,6,2,埼 玉,A3,A2,逃,127,21,76.0,9,5,0,1,16,15,11,14.0,55.0,77.0,4,2,3,神奈川,A1,A1,両,107,36,90.57,1,11,0,0,7,4,3,30.0,60.0,70.0,2,2,2,,,,,,,,,,,,,,,,,,,,,,,,,,,,,,,,,,,,,,,,,7,UNDER_10000,0,0
20260705_豊橋_5R,20260705,豊橋,5,佐 賀,A1,A1,両,111,30,92.87,0,2,10,0,0,2,3,37.0,50.0,66.0,3,1,7,富 山,A1,A1,逃,121,34,92.22,4,1,0,0,5,5,0,11.0,55.0,66.0,7,1,2,広 島,S2,A1,追,103,35,94.03,0,1,0,0,0,0,6,3.0,3.0,13.0,4,5,7,宮 城,S2,A1,逃,99,43,100.31,1,3,1,1,3,2,4,14.0,28.0,33.0,6,2,4,滋 賀,A1,A1,両,95,37,92.88,0,4,7,0,1,1,2,50.0,61.0,72.0,1,4,4,愛 知,A1,A1,追,83,48,90.85,0,0,3,2,0,0,8,9.0,23.0,47.0,5,2,6,熊 本,A1,A1,逃,123,23,91.2,0,5,0,0,5,4,8,18.0,31.0,62.0,3,,,,,,,,,,,,,,,,,,,,,,,,,,,,,,,,,,,,,,,,,,,7,10000_TO_19999,0,0
20260705_豊橋_6R,20260705,豊橋,6,大 分,L1,L1,追,122,25,51.17,1,1,0,5,2,2,6,4.0,30.0,52.0,5,4,3,東 京,L1,L1,両,118,28,53.56,3,4,2,2,9,7,2,21.0,47.0,73.0,3,2,1,愛 知,L1,L1,両,114,28,46.94,0,0,1,0,0,0,7,0.0,5.0,11.0,,,,青 森,L1,L1,追,110,44,45.88,0,0,0,0,0,1,2,0.0,0.0,4.0,7,5,6,石 川,L1,L1,両,122,25,48.56,0,1,3,1,1,8,5,6.0,16.0,30.0,6,5,2,愛 知,L1,L1,両,130,28,52.88,2,4,1,0,3,2,1,33.0,77.0,88.0,1,6,1,茨 城,L1,L1,両,128,28,55.04,12,2,0,0,17,16,2,57.0,66.0,76.0,1,1,6,,,,,,,,,,,,,,,,,,,,,,,,,,,,,,,,,,,,,,,,,7,20000_TO_49999,1,0
20260705_豊橋_7R,20260705,豊橋,7,徳 島,L1,L1,両,122,24,52.9,0,1,1,3,0,0,1,9.0,45.0,63.0,,,,栃 木,L1,L1,追,106,32,47.09,0,0,1,1,0,0,4,4.0,9.0,28.0,4,3,3,広 島,L1,L1,両,116,31,53.9,8,5,1,1,11,8,0,31.0,68.0,77.0,1,1,2,徳 島,L1,L1,両,130,24,46.11,0,0,0,0,0,0,2,0.0,0.0,11.0,7,4,3,福 井,L1,L1,両,114,29,56.95,5,6,4,0,4,4,1,61.0,71.0,85.0,2,1,1,愛 知,L1,L1,両,118,25,49.54,0,2,1,1,1,1,1,8.0,16.0,16.0,4,5,7,福 岡,L1,L1,両,124,28,51.5,0,2,3,2,0,1,5,3.0,21.0,40.0,4,4,6,,,,,,,,,,,,,,,,,,,,,,,,,,,,,,,,,,,,,,,,,7,UNDER_10000,0,0
20260705_豊橋_8R,20260705,豊橋,8,福 島,A2,S2,逃,125,25,93.72,7,4,1,0,11,11,13,50.0,66.0,83.0,1,2,1,愛 媛,S2,S2,両,115,29,99.72,0,0,1,3,0,1,6,3.0,13.0,31.0,3,2,5,佐 賀,S2,S1,逃,115,27,102.08,4,3,2,0,11,5,4,19.0,34.0,38.0,1,5,7,徳 島,S2,S2,追,69,55,100.25,0,0,2,0,0,0,0,0.0,16.0,25.0,,,,青 森,S2,S1,追,95,46,104.36,0,0,6,4,0,0,4,22.0,45.0,50.0,3,4,1,東 京,A1,S2,追,96,37,91.04,0,0,4,1,0,0,0,14.0,23.0,42.0,3,5,4,佐 賀,S2,S2,追,91,42,102.4,0,0,4,1,0,0,2,5.0,25.0,40.0,5,8,3,,,,,,,,,,,,,,,,,,,,,,,,,,,,,,,,,,,,,,,,,7,UNDER_10000,0,0
20260705_豊橋_9R,20260705,豊橋,9,愛 知,S1,S1,追,84,47,105.59,0,0,6,2,0,0,10,22.0,29.0,44.0,1,1,3,東 京,S2,S2,逃,113,31,100.08,1,2,0,0,3,1,1,7.0,23.0,38.0,2,6,3,大 阪,S2,S2,追,109,39,100.38,0,1,6,1,0,1,6,17.0,28.0,39.0,3,7,8,埼 玉,S2,S2,両,91,39,100.81,0,0,7,0,0,0,2,13.0,31.0,45.0,3,7,7,岐 阜,S2,S2,逃,123,25,97.39,1,1,3,0,9,11,7,13.0,21.0,43.0,5,5,3,愛 知,A1,S2,追,70,55,89.14,0,0,0,0,0,0,1,0.0,0.0,42.0,,,,福 井,S2,S2,逃,119,28,94.4,3,1,0,0,13,13,0,6.0,13.0,26.0,7,4,2,,,,,,,,,,,,,,,,,,,,,,,,,,,,,,,,,,,,,,,,,7,10000_TO_19999,0,0
20260705_豊橋_10R,20260705,豊橋,10,広 島,S2,S2,追,87,44,103.37,0,1,6,2,0,0,2,17.0,31.0,41.0,2,2,4,山 梨,S2,S1,追,90,43,98.3,0,0,4,0,0,0,7,5.0,20.0,35.0,,,,福 岡,S2,S2,両,107,33,102.89,3,4,1,0,8,6,2,26.0,42.0,42.0,2,6,5,栃 木,S2,S2,逃,115,26,98.38,4,1,0,0,8,7,2,11.0,27.0,38.0,,,,徳 島,S2,S1,追,75,50,99.04,0,0,4,1,0,0,0,8.0,21.0,65.0,8,7,1,青 森,S2,S2,逃,105,34,93.84,0,3,0,0,4,4,0,15.0,15.0,21.0,,,,長 崎,S1,S1,追,86,46,105.75,0,1,4,1,0,0,4,20.0,30.0,50.0,5,9,1,,,,,,,,,,,,,,,,,,,,,,,,,,,,,,,,,,,,,,,,,7,UNDER_10000,0,0
20260705_豊橋_11R,20260705,豊橋,11,茨 城,S2,S1,追,88,52,102.27,0,0,5,2,0,0,1,13.0,31.0,40.0,4,2,6,岐 阜,S2,S2,追,93,49,95.34,0,0,2,2,0,0,3,6.0,12.0,28.0,6,3,4,岡 山,S2,S2,逃,115,28,98.73,5,5,0,0,12,12,6,19.0,38.0,50.0,1,7,7,福 岡,S2,S2,追,76,51,99.58,0,0,4,0,0,0,0,8.0,16.0,41.0,6,1,2,香 川,S1,S1,追,76,52,105.13,0,0,3,0,0,0,0,11.0,11.0,23.0,4,5,3,三 重,A1,S2,両,111,29,89.72,0,0,1,0,2,4,3,8.0,8.0,8.0,5,6,6,神奈川,S2,S2,逃,127,24,105.56,8,4,1,0,8,10,5,39.0,56.0,69.0,2,2,1,,,,,,,,,,,,,,,,,,,,,,,,,,,,,,,,,,,,,,,,,7,UNDER_10000,0,0
20260705_豊橋_12R,20260705,豊橋,12,神奈川,S1,S1,追,103,40,112.11,0,1,6,3,0,0,0,19.0,38.0,57.0,7,3,3,三 重,S1,S1,両,90,42,113.15,0,1,7,0,0,0,2,26.0,30.0,57.0,3,3,7,茨 城,S1,S1,逃,119,24,108.74,11,6,1,0,18,19,6,41.0,58.0,61.0,7,1,6,大 阪,S1,S1,追,100,40,106.82,0,0,5,0,0,0,1,7.0,17.0,50.0,4,3,4,愛 媛,S1,S1,逃,109,30,109.28,4,3,1,2,6,4,4,17.0,35.0,42.0,1,2,7,秋 田,S1,S1,追,67,55,106.71,0,0,2,0,0,0,1,8.0,8.0,26.0,5,1,,群 馬,S1,S1,追,100,36,107.92,0,0,4,2,0,0,6,12.0,24.0,40.0,7,5,2,,,,,,,,,,,,,,,,,,,,,,,,,,,,,,,,,,,,,,,,,7,UNDER_10000,0,0
20260705_青森_1R,20260705,青森,1,愛 知,A2,A2,追,83,49,84.25,0,0,2,2,0,0,2,4.0,16.0,45.0,7,1,6,福 岡,A1,A2,逃,123,27,84.88,0,7,0,0,1,2,1,29.0,41.0,41.0,1,6,,新 潟,A2,A2,追,89,42,80.16,0,0,1,1,0,0,4,0.0,11.0,22.0,2,6,5,群 馬,A1,A2,逃,97,37,84.9,9,0,0,0,12,15,0,28.0,42.0,57.0,1,7,1,福 岡,A2,A2,両,86,49,80.25,0,1,0,4,1,4,2,0.0,20.0,29.0,,,5,愛 知,A2,A2,逃,119,27,80.13,4,3,1,0,7,8,0,10.0,26.0,40.0,6,7,2,高 知,A2,A2,追,113,30,81.0,0,0,1,1,0,0,4,0.0,11.0,22.0,5,4,4,,,,,,,,,,,,,,,,,,,,,,,,,,,,,,,,,,,,,,,,,7,10000_TO_19999,0,0
20260705_青森_2R,20260705,青森,2,千 葉,A2,A2,逃,107,31,80.55,1,1,2,0,6,6,13,7.0,14.0,25.0,6,2,7,福 島,A2,A1,追,84,49,82.6,0,1,3,3,0,1,13,4.0,28.0,36.0,4,4,4,兵 庫,A1,A1,両,121,38,85.72,0,2,2,2,1,1,1,11.0,33.0,50.0,2,2,4,宮 城,A2,A2,両,109,33,81.75,0,1,1,1,8,14,21,0.0,12.0,29.0,5,2,5,千 葉,A1,A1,追,82,50,87.11,0,0,3,1,0,0,3,15.0,20.0,55.0,3,4,2,長 崎,A2,A2,追,77,51,79.04,0,0,0,0,0,0,0,0.0,0.0,14.0,7,5,3,三 重,A2,A2,追,79,48,80.45,0,0,0,2,0,0,0,0.0,8.0,26.0,5,3,3,,,,,,,,,,,,,,,,,,,,,,,,,,,,,,,,,,,,,,,,,7,UNDER_10000,0,0
20260705_青森_3R,20260705,青森,3,岡 山,A1,A1,両,94,44,87.25,0,1,6,4,0,0,1,33.0,45.0,58.0,5,1,4,茨 城,A1,A1,逃,115,30,88.8,11,0,2,0,14,15,9,23.0,61.0,71.0,2,6,2,千 葉,A1,A1,追,72,53,91.79,0,0,7,2,0,0,5,16.0,37.0,50.0,5,1,1,和歌山,A1,A1,追,72,52,84.9,0,1,3,0,0,1,0,14.0,19.0,33.0,5,1,4,長 野,S2,A1,追,95,41,95.43,0,0,3,0,0,0,2,8.0,13.0,17.0,7,6,5,静 岡,A2,A2,追,81,49,83.52,0,0,1,1,0,0,0,4.0,9.0,38.0,1,5,3,徳 島,A2,A2,追,79,50,85.16,0,0,1,0,0,0,0,16.0,16.0,50.0,,,,,,,,,,,,,,,,,,,,,,,,,,,,,,,,,,,,,,,,,,,,7,UNDER_10000,0,0
20260705_青森_4R,20260705,青森,4,青 森,A2,A1,逃,125,26,86.0,6,0,0,0,9,8,1,16.0,33.0,44.0,2,6,5,愛 知,A1,A1,追,82,50,87.09,0,0,4,7,0,0,3,9.0,52.0,61.0,2,2,7,福 岡,A1,A1,追,99,35,90.29,0,0,6,3,0,0,1,12.0,37.0,45.0,4,4,2,青 森,A1,A2,追,84,46,87.66,0,0,3,2,0,0,3,14.0,23.0,52.0,4,3,1,大 阪,A1,A2,両,92,43,86.19,1,4,2,1,5,3,3,14.0,38.0,52.0,1,7,5,東 京,A2,A2,追,78,49,80.39,0,0,1,1,0,0,0,4.0,8.0,17.0,5,2,4,愛 知,S2,A1,追,80,50,95.91,0,0,1,2,0,0,1,0.0,12.0,16.0,,,,,,,,,,,,,,,,,,,,,,,,,,,,,,,,,,,,,,,,,,,,7,UNDER_10000,0,0
20260705_青森_5R,20260705,青森,5,青 森,L1,L1,追,102,34,46.09,0,0,0,1,0,0,0,0.0,4.0,4.0,6,5,6,山 口,L1,L1,両,124,22,50.81,0,2,4,1,0,0,0,18.0,31.0,40.0,4,6,1,神奈川,L1,L1,追,122,27,46.83,0,1,0,0,1,0,2,0.0,5.0,16.0,4,5,4,長 野,L1,L1,追,110,31,48.1,2,1,0,0,3,7,3,3.0,10.0,23.0,3,3,6,熊 本,L1,L1,追,124,23,48.19,1,0,1,0,5,5,6,3.0,6.0,16.0,7,6,4,東 京,L1,L1,追,108,31,49.87,0,0,0,3,0,1,5,0.0,12.0,29.0,4,3,4,,,,,,,,,,,,,,,,,,,,,,,,,,,,,,,,,,,,,,,,,,,,,,,,,,,,,,,,,,,,,6,UNDER_10000,0,0
20260705_青森_6R,20260705,青森,6,千 葉,S1,S1,両,87,44,101.51,0,1,1,1,0,0,0,3.0,11.0,25.0,1,6,3,大 阪,A1,S2,逃,119,29,92.39,1,7,3,1,1,2,4,33.0,50.0,62.0,1,1,3,青 森,A1,S2,追,85,47,92.58,0,0,7,5,0,0,10,25.0,50.0,62.0,1,2,7,福 岡,S2,S2,追,68,55,91.44,0,0,0,0,0,0,0,0.0,0.0,0.0,7,7,6,三 重,S2,S2,追,86,45,98.87,0,0,1,1,0,0,0,0.0,11.0,41.0,3,6,4,,,,,,,,,,,,,,,,,,,,,,,,,,,,,,,,,,,,,,,,,,,,,,,,,,,,,,,,,,,,,,,,,,,,,,,,,,,,,,,,,5,UNDER_10000,0,0
20260705_青森_7R,20260705,青森,7,京 都,S2,S2,両,86,48,96.17,0,0,3,1,0,0,5,6.0,13.0,27.0,3,5,4,千 葉,S2,S2,追,73,52,100.18,0,0,6,2,0,0,0,6.0,24.0,33.0,4,5,,群 馬,A1,S2,追,90,42,93.0,0,1,7,2,0,0,5,14.0,47.0,66.0,2,4,2,和歌山,S2,S2,逃,117,30,102.54,2,4,0,0,6,8,2,12.0,25.0,41.0,2,3,7,茨 城,S2,S2,追,93,43,97.92,0,0,2,1,0,0,2,4.0,12.0,44.0,4,4,2,愛 媛,A1,S2,両,121,25,92.37,2,3,2,1,2,2,1,17.0,47.0,58.0,1,2,6,,,,,,,,,,,,,,,,,,,,,,,,,,,,,,,,,,,,,,,,,,,,,,,,,,,,,,,,,,,,,6,UNDER_10000,0,0
20260705_青森_8R,20260705,青森,8,和歌山,S2,S1,逃,111,28,101.52,5,1,2,1,12,10,6,19.0,42.0,52.0,1,6,2,静 岡,S2,S1,追,86,44,105.16,0,0,5,4,0,0,6,12.0,36.0,52.0,1,4,5,イギリ,S2,S2,両,,27,99.66,0,1,0,0,1,0,0,33.0,33.0,33.0,1,7,7,静 岡,S2,S2,逃,117,25,106.34,9,3,0,0,18,15,5,21.0,52.0,73.0,2,2,1,茨 城,S2,S1,追,96,40,101.33,0,0,2,1,0,0,2,20.0,30.0,50.0,,,,岡 山,A1,S2,逃,123,26,90.42,9,4,1,0,13,10,5,38.0,66.0,66.0,1,1,4,愛 媛,S1,S1,逃,121,27,102.62,1,0,0,0,5,4,3,11.0,11.0,33.0,,,,,,,,,,,,,,,,,,,,,,,,,,,,,,,,,,,,,,,,,,,,7,UNDER_10000,0,0
20260705_青森_9R,20260705,青森,9,宮 城,S2,S2,逃,117,29,102.5,0,1,1,1,1,1,0,7.0,21.0,57.0,1,7,7,徳 島,S1,S1,追,91,40,110.0,0,0,8,1,0,1,2,27.0,50.0,55.0,2,3,2,福 岡,A1,S1,両,103,41,93.04,1,4,3,2,1,1,3,19.0,47.0,66.0,1,1,4,青 森,S2,S2,両,115,27,101.65,0,0,7,0,0,0,7,28.0,33.0,38.0,,,,イギリ,S2,S2,両,,29,106.66,3,0,0,0,4,4,3,50.0,50.0,83.0,1,1,3,高 知,A1,S2,追,93,40,91.89,0,0,4,4,0,0,0,10.0,40.0,60.0,4,3,2,熊 本,S2,S1,逃,117,27,100.42,3,5,1,0,6,4,3,15.0,34.0,46.0,5,2,6,,,,,,,,,,,,,,,,,,,,,,,,,,,,,,,,,,,,,,,,,7,UNDER_10000,0,0
20260705_青森_10R,20260705,青森,10,埼 玉,L1,L1,逃,112,31,57.72,0,13,0,2,9,1,3,72.0,83.0,88.0,1,3,6,オラン,L1,L1,両,,28,57.33,1,2,0,0,2,1,0,100.0,100.0,100.0,1,1,1,愛 知,L1,L1,両,124,35,50.95,1,4,1,1,9,5,2,14.0,33.0,47.0,7,4,1,大 阪,L1,L1,両,124,27,55.66,3,8,4,0,6,5,3,42.0,71.0,85.0,1,2,1,ニュー,L1,L1,両,,26,57.0,1,5,0,0,3,0,0,83.0,100.0,100.0,1,1,2,奈 良,L1,L1,両,108,30,53.55,0,0,1,6,0,1,1,5.0,38.0,66.0,4,3,5,群 馬,L1,L1,追,122,23,53.0,0,0,4,6,0,0,1,4.0,45.0,77.0,2,3,2,,,,,,,,,,,,,,,,,,,,,,,,,,,,,,,,,,,,,,,,,7,UNDER_10000,0,0
20260705_青森_11R,20260705,青森,11,青 森,S2,A1,追,86,47,96.72,0,0,1,1,0,0,0,0.0,18.0,27.0,5,4,2,福 岡,A1,A1,逃,119,27,93.61,5,4,2,1,10,8,10,23.0,57.0,71.0,5,2,7,静 岡,S2,A1,両,117,27,101.13,0,0,2,2,1,1,4,8.0,17.0,30.0,2,6,5,兵 庫,A2,A2,逃,127,21,92.11,9,3,0,0,15,12,6,33.0,66.0,72.0,,,,埼 玉,S2,A1,逃,117,28,97.36,2,2,0,1,8,9,3,9.0,22.0,36.0,4,7,7,東 京,A1,A1,両,96,41,91.61,0,1,3,1,0,0,5,14.0,35.0,50.0,6,2,3,青 森,A1,A1,追,86,48,92.62,0,0,9,3,0,0,16,12.0,50.0,62.0,5,2,3,,,,,,,,,,,,,,,,,,,,,,,,,,,,,,,,,,,,,,,,,7,10000_TO_19999,0,0
20260705_青森_12R,20260705,青森,12,青 森,S1,S1,逃,107,32,114.58,5,5,0,0,13,13,3,33.0,41.0,66.0,3,7,3,三 重,S1,S1,逃,103,32,108.69,5,0,4,1,6,5,7,34.0,43.0,47.0,4,5,6,埼 玉,S1,S2,逃,125,25,106.26,5,5,0,0,17,18,8,26.0,38.0,50.0,2,1,1,京 都,S1,S1,両,93,38,110.23,0,0,3,2,0,0,6,8.0,20.0,33.0,5,6,,宮 城,S1,S1,両,91,40,112.08,0,0,2,0,0,0,2,7.0,15.0,23.0,,,,岩 手,S2,S2,逃,115,30,101.88,0,2,4,1,1,3,0,8.0,28.0,48.0,2,7,2,岩 手,S1,S1,逃,121,27,116.55,3,0,0,0,7,7,0,11.0,33.0,44.0,6,1,7,,,,,,,,,,,,,,,,,,,,,,,,,,,,,,,,,,,,,,,,,7,10000_TO_19999,0,0
20260706_京王閣_1R,20260706,京王閣,1,福 島,A3,A3,追,96,40,71.29,0,0,3,2,0,0,0,5.0,29.0,47.0,2,4,2,愛 知,A3,A3,追,70,54,70.19,0,0,4,3,0,0,1,9.0,33.0,61.0,2,6,2,福 岡,A3,A3,両,98,40,69.79,0,1,1,4,1,1,9,8.0,24.0,44.0,4,5,4,福 岡,A3,A3,追,77,52,69.6,0,0,0,1,0,0,0,0.0,20.0,40.0,2,7,,東 京,A3,A3,追,63,57,69.13,0,0,5,0,0,0,0,20.0,33.0,46.0,,,,福 島,A3,A3,追,78,52,68.38,2,0,1,0,3,3,7,14.0,21.0,28.0,6,1,3,新 潟,A3,A3,逃,77,51,67.55,3,3,0,0,5,6,5,10.0,20.0,41.0,6,4,3,,,,,,,,,,,,,,,,,,,,,,,,,,,,,,,,,,,,,,,,,7,UNDER_10000,0,0
20260706_京王閣_2R,20260706,京王閣,2,兵 庫,A2,A3,追,82,48,81.13,0,0,1,0,0,1,3,0.0,4.0,22.0,,,,埼 玉,A3,A3,追,90,44,74.08,0,0,2,7,0,0,0,4.0,37.0,54.0,5,2,4,岐 阜,A3,A3,追,80,49,71.15,0,0,1,5,0,1,1,0.0,31.0,52.0,4,5,6,大 阪,A3,A3,追,77,52,71.0,0,0,3,0,0,0,1,18.0,18.0,50.0,,,,愛 媛,A3,A3,両,94,48,69.66,2,1,2,1,4,2,7,19.0,28.0,42.0,3,6,3,埼 玉,A3,A3,追,87,47,69.66,0,0,0,0,0,0,0,0.0,0.0,33.0,,,,兵 庫,A3,A3,両,98,37,67.93,2,0,5,2,4,5,0,9.0,29.0,35.0,2,4,5,,,,,,,,,,,,,,,,,,,,,,,,,,,,,,,,,,,,,,,,,7,UNDER_10000,0,0
20260706_京王閣_3R,20260706,京王閣,3,奈 良,A3,A3,追,85,48,71.33,0,0,2,3,0,0,7,0.0,23.0,52.0,3,4,4,神奈川,A3,A3,追,85,47,71.03,0,0,1,7,0,0,0,3.0,26.0,36.0,3,4,6,徳 島,A3,A3,追,82,50,70.28,0,0,0,1,0,0,0,0.0,7.0,14.0,,,,高 知,A3,A3,逃,113,28,69.81,2,1,0,0,3,2,4,12.0,18.0,31.0,6,,,大 阪,A3,A3,両,90,43,68.8,0,3,2,1,1,0,2,19.0,28.0,47.0,5,3,5,千 葉,A3,A3,追,76,50,68.29,0,0,2,2,0,0,3,8.0,16.0,37.0,3,6,5,鹿児島,A3,A3,追,64,59,64.0,0,0,0,0,0,0,0,0.0,0.0,0.0,6,5,,,,,,,,,,,,,,,,,,,,,,,,,,,,,,,,,,,,,,,,,,7,UNDER_10000,0,0
20260706_京王閣_4R,20260706,京王閣,4,千 葉,A2,A3,追,81,49,82.24,0,0,4,0,0,0,0,16.0,16.0,24.0,,,3,栃 木,A2,A3,追,80,51,79.0,0,0,0,2,0,0,0,0.0,8.0,16.0,,,2,神奈川,A3,A3,逃,129,33,73.66,0,0,0,1,0,1,0,0.0,16.0,50.0,6,2,3,香 川,A3,A3,追,86,45,72.88,0,1,7,5,1,0,0,11.0,48.0,66.0,2,6,2,石 川,A3,A3,逃,129,23,70.66,0,0,0,0,1,1,1,0.0,0.0,0.0,6,6,4,高 知,A3,A3,追,76,54,69.71,0,0,2,0,0,0,0,4.0,9.0,33.0,4,6,7,岡 山,A3,A3,追,97,36,67.07,0,0,0,1,0,0,1,0.0,7.0,28.0,,,,,,,,,,,,,,,,,,,,,,,,,,,,,,,,,,,,,,,,,,,,7,UNDER_10000,0,0
20260706_京王閣_5R,20260706,京王閣,5,神奈川,A2,A3,追,70,55,83.52,0,0,2,0,0,0,1,9.0,9.0,28.0,3,6,5,熊 本,A2,A3,両,89,45,80.37,0,1,0,2,2,3,0,4.0,12.0,20.0,5,7,6,愛 知,A2,A3,両,89,42,80.33,0,0,0,1,0,2,3,0.0,6.0,20.0,,,,神奈川,A3,A3,逃,107,34,73.58,7,2,0,0,11,9,13,29.0,37.0,58.0,1,3,2,岐 阜,A3,A3,逃,129,27,70.0,0,0,0,0,0,0,0,0.0,0.0,0.0,4,6,6,千 葉,A3,A3,追,68,54,68.55,0,0,2,0,0,0,0,0.0,11.0,33.0,,,,広 島,A3,A3,追,87,47,68.28,0,0,0,1,0,0,0,0.0,7.0,28.0,4,5,5,,,,,,,,,,,,,,,,,,,,,,,,,,,,,,,,,,,,,,,,,7,UNDER_10000,0,0
20260706_京王閣_6R,20260706,京王閣,6,福 岡,A2,A3,追,85,49,81.25,0,0,4,1,0,0,0,11.0,18.0,33.0,6,6,7,新 潟,A2,A3,追,81,51,81.04,0,0,0,3,1,0,0,0.0,14.0,28.0,,,,宮 崎,A2,A3,逃,117,30,80.33,4,2,0,0,11,8,2,11.0,22.0,33.0,7,7,7,北海道,A3,A3,追,83,51,74.44,0,1,7,6,0,0,0,7.0,51.0,70.0,3,2,4,群 馬,A3,A3,逃,129,21,72.85,0,0,1,0,1,0,0,14.0,14.0,57.0,7,,,東 京,A3,A3,両,90,43,72.03,0,0,8,3,1,4,9,17.0,37.0,51.0,6,2,4,大 阪,A3,A3,逃,119,24,69.51,7,4,1,0,8,11,0,29.0,44.0,44.0,1,4,2,,,,,,,,,,,,,,,,,,,,,,,,,,,,,,,,,,,,,,,,,7,20000_TO_49999,1,0
20260706_京王閣_7R,20260706,京王閣,7,岡 山,A2,A3,逃,115,28,90.33,9,2,0,0,14,12,3,33.0,52.0,66.0,2,1,5,栃 木,A2,A3,両,100,40,82.95,0,4,0,0,0,0,0,14.0,19.0,28.0,1,6,1,東 京,A3,A3,逃,129,21,75.22,2,2,1,0,3,2,4,33.0,55.0,66.0,2,3,1,宮 城,A3,A3,逃,129,24,73.88,1,0,0,0,2,2,2,0.0,11.0,55.0,5,3,2,群 馬,A3,A3,両,90,40,71.1,8,1,0,3,16,14,3,21.0,42.0,53.0,1,7,3,岡 山,A3,A3,逃,92,41,71.0,9,1,0,0,20,22,1,25.0,32.0,45.0,,,1,広 島,A3,A3,両,99,36,70.61,0,2,5,1,1,0,6,14.0,38.0,42.0,7,2,4,,,,,,,,,,,,,,,,,,,,,,,,,,,,,,,,,,,,,,,,,7,UNDER_10000,0,0
20260706_伊東_1R,20260706,伊東,1,青 森,A2,A2,追,89,43,81.48,0,0,3,1,0,0,0,3.0,13.0,20.0,2,5,2,愛 知,A1,A1,両,99,50,83.9,0,0,2,0,0,0,0,0.0,18.0,45.0,3,5,7,福 井,A2,A2,逃,103,33,86.95,2,2,5,0,3,4,3,33.0,42.0,47.0,7,1,6,愛 知,A1,A1,追,76,50,84.57,0,0,2,4,0,0,6,0.0,28.0,38.0,2,4,2,福 島,A2,A2,両,119,26,81.46,1,0,3,2,2,5,6,11.0,22.0,33.0,3,,7,栃 木,A2,A2,追,88,46,78.9,0,0,0,0,0,0,1,0.0,0.0,14.0,6,5,7,大 阪,A1,A2,両,98,40,80.0,0,0,0,1,0,0,0,0.0,7.0,30.0,,,,,,,,,,,,,,,,,,,,,,,,,,,,,,,,,,,,,,,,,,,,7,50000_PLUS,1,1
20260706_伊東_2R,20260706,伊東,2,千 葉,A2,A2,逃,123,24,83.2,4,0,0,0,5,6,0,26.0,26.0,46.0,7,3,1,富 山,A2,A1,両,98,36,86.09,2,0,3,3,2,3,3,19.0,38.0,52.0,2,2,3,京 都,A2,A2,両,97,38,79.25,0,0,2,0,0,1,5,3.0,7.0,14.0,,,7,静 岡,A2,A2,追,94,38,78.39,0,0,2,0,0,0,1,4.0,8.0,13.0,6,4,6,愛 知,A2,A2,追,84,48,86.22,0,0,5,2,0,0,9,5.0,38.0,50.0,4,2,4,埼 玉,A2,A2,追,78,50,77.88,0,0,0,0,0,0,0,0.0,0.0,0.0,7,4,6,愛 知,A2,A2,追,75,50,79.86,0,0,1,0,0,0,1,0.0,4.0,8.0,2,5,,,,,,,,,,,,,,,,,,,,,,,,,,,,,,,,,,,,,,,,,,7,10000_TO_19999,0,0
20260706_伊東_3R,20260706,伊東,3,岐 阜,A1,A2,追,121,26,86.88,0,0,1,0,0,0,1,11.0,11.0,33.0,,,,宮 城,A2,A2,逃,93,44,86.03,8,2,1,0,14,15,0,25.0,35.0,41.0,6,1,3,京 都,A2,A2,追,70,54,78.9,0,0,0,0,0,0,0,0.0,0.0,9.0,5,4,5,長 野,A2,A1,両,98,45,80.95,0,0,0,1,0,1,2,0.0,4.0,23.0,4,6,5,岐 阜,A2,A2,追,64,56,81.94,0,0,0,1,0,0,0,0.0,5.0,27.0,3,4,6,愛 知,A2,A2,逃,121,40,77.87,1,1,0,0,5,8,0,5.0,11.0,11.0,,,,宮 城,A1,A1,両,105,36,86.14,0,3,6,2,1,0,11,22.0,40.0,59.0,1,7,1,,,,,,,,,,,,,,,,,,,,,,,,,,,,,,,,,,,,,,,,,7,20000_TO_49999,1,0
20260706_伊東_4R,20260706,伊東,4,神奈川,A2,A1,逃,113,30,84.26,3,3,0,2,7,11,1,26.0,34.0,47.0,,1,1,福 島,A2,A1,追,88,45,86.47,0,0,6,1,0,0,2,9.0,33.0,42.0,4,5,5,山 梨,A2,A1,追,91,43,86.19,0,0,1,3,0,0,3,4.0,19.0,42.0,4,2,6,茨 城,A2,A2,追,90,41,83.59,0,0,5,0,0,0,6,17.0,21.0,39.0,3,,,静 岡,A1,A1,追,81,47,87.4,0,0,11,4,0,0,3,11.0,55.0,59.0,5,2,2,静 岡,A2,A2,追,64,56,79.26,0,0,0,1,0,0,2,0.0,5.0,5.0,5,5,5,岩 手,A2,A1,逃,125,26,88.94,7,3,0,0,9,11,1,33.0,55.0,77.0,,,,,,,,,,,,,,,,,,,,,,,,,,,,,,,,,,,,,,,,,,,,7,UNDER_10000,0,0
20260706_伊東_5R,20260706,伊東,5,愛 知,A2,A1,逃,93,44,85.25,3,1,1,1,6,4,0,8.0,25.0,37.0,3,6,5,静 岡,A1,A1,逃,93,39,78.33,0,0,0,0,5,10,0,0.0,0.0,20.0,7,3,7,栃 木,A1,A1,追,100,34,92.16,0,4,3,3,2,2,1,38.0,55.0,66.0,,,,埼 玉,A1,A2,追,78,49,86.53,0,0,2,3,0,0,1,0.0,33.0,40.0,,,,千 葉,A1,A1,追,86,45,87.8,0,0,0,2,0,0,6,0.0,18.0,36.0,4,3,2,岐 阜,A3,A2,両,107,31,77.81,4,0,9,8,5,6,11,33.0,77.0,85.0,3,2,2,神奈川,A1,A2,追,103,37,87.12,1,0,4,3,2,2,3,16.0,33.0,54.0,3,4,7,,,,,,,,,,,,,,,,,,,,,,,,,,,,,,,,,,,,,,,,,7,UNDER_10000,0,0
20260706_伊東_6R,20260706,伊東,6,茨 城,A2,A2,両,100,40,88.08,0,2,6,2,0,0,6,20.0,41.0,58.0,2,2,2,大 阪,A3,A2,逃,127,29,76.73,15,6,0,0,17,15,2,53.0,70.0,76.0,1,1,6,福 島,A1,A1,逃,123,27,91.0,1,2,0,0,3,3,3,33.0,50.0,66.0,,,,埼 玉,A1,A1,追,81,52,85.58,0,0,2,2,0,0,1,0.0,16.0,33.0,7,3,5,千 葉,A1,A1,追,91,41,88.45,0,1,4,3,0,0,3,12.0,33.0,54.0,1,5,2,神奈川,A3,A2,追,65,56,73.94,0,0,6,1,0,0,2,22.0,38.0,55.0,3,3,1,福 井,A1,A1,追,95,38,92.75,0,0,8,2,0,0,1,29.0,41.0,62.0,4,3,3,,,,,,,,,,,,,,,,,,,,,,,,,,,,,,,,,,,,,,,,,7,UNDER_10000,0,0
20260706_伊東_7R,20260706,伊東,7,静 岡,S2,A1,追,88,43,94.55,0,0,1,0,0,0,12,5.0,5.0,16.0,6,5,1,富 山,S2,A1,逃,121,27,93.75,2,1,0,1,16,16,1,2.0,11.0,16.0,,4,4,茨 城,A2,A1,逃,125,22,93.25,10,1,0,1,14,15,5,64.0,70.0,94.0,3,1,3,神奈川,A1,A2,逃,119,28,89.11,8,4,2,0,15,15,16,22.0,51.0,55.0,7,4,2,宮 城,S2,A1,追,91,41,97.56,0,1,5,2,0,0,8,9.0,25.0,37.0,5,6,3,大 阪,A1,A1,追,75,50,88.58,0,0,7,0,0,0,4,25.0,29.0,54.0,1,7,4,新 潟,S2,A1,追,85,46,98.57,0,0,3,2,0,0,1,10.0,17.0,44.0,6,1,7,,,,,,,,,,,,,,,,,,,,,,,,,,,,,,,,,,,,,,,,,7,50000_PLUS,1,1
20260706_佐世保_1R,20260706,佐世保,1,埼 玉,L1,L1,両,120,28,48.0,0,0,0,0,0,0,0,0.0,0.0,0.0,,,,和歌山,L1,L1,両,130,31,47.77,0,1,0,0,2,1,2,11.0,11.0,44.0,3,3,6,三 重,L1,L1,両,124,23,55.91,4,1,2,1,6,6,0,46.0,61.0,61.0,1,1,2,茨 城,L1,L1,追,110,31,49.1,0,0,2,2,0,0,0,10.0,21.0,36.0,6,4,2,神奈川,L1,L1,両,108,43,45.62,0,0,1,1,2,3,2,3.0,7.0,14.0,5,6,3,熊 本,L1,L1,両,116,34,53.88,0,9,2,2,4,0,0,25.0,46.0,60.0,1,3,4,愛 知,L1,L1,両,124,31,51.8,3,0,0,2,5,10,10,9.0,23.0,52.0,3,3,4,,,,,,,,,,,,,,,,,,,,,,,,,,,,,,,,,,,,,,,,,7,UNDER_10000,0,0
20260706_佐世保_2R,20260706,佐世保,2,山 口,L1,L1,両,120,31,47.47,0,0,0,0,0,0,0,0.0,0.0,14.0,4,6,4,福 岡,L1,L1,両,130,19,43.66,0,0,0,0,0,0,1,0.0,0.0,0.0,5,6,4,三 重,L1,L1,両,118,25,46.8,0,0,2,1,0,2,0,6.0,10.0,16.0,7,4,5,福 岡,L1,L1,逃,106,32,55.2,0,11,4,2,4,0,0,37.0,70.0,87.0,2,2,3,山 口,L1,L1,両,114,31,50.45,3,1,2,2,8,11,3,16.0,33.0,41.0,4,5,1,埼 玉,L1,L1,追,122,27,51.8,0,0,4,5,0,0,0,3.0,30.0,50.0,5,5,2,神奈川,L1,L1,両,128,25,47.77,1,0,0,3,1,2,1,0.0,18.0,27.0,,,,,,,,,,,,,,,,,,,,,,,,,,,,,,,,,,,,,,,,,,,,7,UNDER_10000,0,0
20260706_佐世保_3R,20260706,佐世保,3,北海道,A3,A3,追,81,48,72.86,0,0,2,3,0,0,0,4.0,21.0,56.0,5,4,3,大 阪,A3,A3,追,86,47,70.52,0,0,2,3,0,0,2,4.0,23.0,42.0,4,1,7,長 野,A2,A3,逃,107,35,78.5,1,1,0,0,8,12,6,0.0,8.0,12.0,7,6,4,福 島,A3,A3,両,94,39,72.47,0,0,2,3,0,1,2,0.0,26.0,57.0,2,5,5,福 井,A3,A3,追,86,49,69.44,0,0,1,2,0,1,3,4.0,12.0,32.0,5,1,5,神奈川,A3,A3,追,57,61,66.4,0,0,0,2,0,0,1,0.0,20.0,30.0,,,,茨 城,A3,A3,追,94,39,70.33,0,0,0,0,0,0,0,0.0,0.0,0.0,4,6,4,,,,,,,,,,,,,,,,,,,,,,,,,,,,,,,,,,,,,,,,,7,UNDER_10000,0,0
20260706_佐世保_4R,20260706,佐世保,4,福 岡,A3,A3,追,69,54,67.92,0,0,3,1,0,0,0,3.0,14.0,33.0,6,4,2,神奈川,A3,A3,両,94,40,67.93,5,2,1,0,6,5,1,24.0,27.0,27.0,7,5,1,徳 島,A3,A3,追,75,52,70.45,0,0,4,5,0,0,15,3.0,27.0,48.0,,,4,長 崎,A3,A3,逃,96,39,70.22,1,1,1,0,2,2,1,22.0,33.0,44.0,,,,熊 本,A3,A3,逃,129,22,73.22,0,0,2,0,1,0,1,22.0,22.0,33.0,4,6,1,静 岡,A3,A3,追,75,50,64.96,0,0,0,1,2,3,0,0.0,3.0,6.0,6,6,2,静 岡,A3,A3,追,81,50,70.39,0,0,4,0,0,0,0,8.0,17.0,43.0,4,2,3,,,,,,,,,,,,,,,,,,,,,,,,,,,,,,,,,,,,,,,,,7,UNDER_10000,0,0
20260706_佐世保_5R,20260706,佐世保,5,長 崎,A3,A3,逃,129,27,70.55,0,0,0,0,0,1,2,0.0,0.0,11.0,4,7,3,香 川,A2,A3,追,80,52,81.55,0,0,1,2,0,0,6,0.0,11.0,29.0,7,3,5,兵 庫,A3,A3,逃,111,37,73.13,5,3,2,3,12,15,12,16.0,43.0,73.0,2,4,3,福 岡,A2,A3,追,65,56,82.1,0,0,1,0,0,0,0,10.0,10.0,20.0,6,,,徳 島,A3,A3,追,88,48,73.66,0,0,0,1,0,0,0,0.0,25.0,50.0,,,,愛 知,A3,A3,追,73,52,69.36,0,0,2,1,0,0,3,5.0,15.0,35.0,2,4,2,香 川,A2,A3,逃,101,34,82.06,5,0,0,0,5,7,0,18.0,31.0,43.0,,,,,,,,,,,,,,,,,,,,,,,,,,,,,,,,,,,,,,,,,,,,7,UNDER_10000,0,0
20260706_佐世保_6R,20260706,佐世保,6,岡 山,A2,A3,追,57,60,84.65,0,0,2,5,0,0,1,3.0,26.0,42.0,5,6,3,奈 良,A3,A3,両,92,38,72.66,4,1,2,5,5,6,17,8.0,50.0,62.0,2,2,2,熊 本,A2,A3,追,81,49,85.61,0,0,2,1,0,0,15,4.0,14.0,42.0,4,1,4,三 重,A3,A3,逃,129,23,80.55,0,7,0,1,7,0,2,66.0,88.0,88.0,1,1,1,佐 賀,A3,A3,逃,129,26,76.33,0,3,1,2,0,0,1,33.0,66.0,66.0,6,1,1,大 阪,A3,A3,逃,103,39,71.26,1,0,1,1,3,3,1,6.0,20.0,40.0,4,7,3,三 重,A3,A3,追,59,59,71.44,0,0,1,2,0,0,4,11.0,33.0,55.0,,,,,,,,,,,,,,,,,,,,,,,,,,,,,,,,,,,,,,,,,,,,7,UNDER_10000,0,0
20260706_佐世保_7R,20260706,佐世保,7,奈 良,A2,A3,追,78,50,82.33,0,0,0,1,0,0,0,0.0,8.0,16.0,7,6,5,大 分,A2,A3,追,94,41,84.55,0,0,1,4,0,0,0,5.0,25.0,40.0,4,5,3,長 野,A3,A3,逃,98,35,71.03,5,5,1,0,7,5,1,26.0,36.0,43.0,2,5,1,鹿児島,A2,A3,逃,125,23,87.33,0,0,0,0,2,2,0,0.0,0.0,33.0,4,4,3,愛 知,A3,A3,逃,129,21,72.55,0,0,0,1,1,1,1,0.0,11.0,33.0,6,5,4,福 島,A3,A3,逃,83,48,66.39,4,0,2,1,4,7,0,10.0,25.0,28.0,5,7,2,大 分,A2,A3,追,92,41,80.27,0,0,1,0,0,0,1,5.0,5.0,16.0,,,,,,,,,,,,,,,,,,,,,,,,,,,,,,,,,,,,,,,,,,,,7,10000_TO_19999,0,0
20260706_別府_1R,20260706,別府,1,大 分,A2,A3,追,55,61,77.58,0,0,0,0,0,0,0,0.0,0.0,4.0,7,6,3,福 岡,A3,A3,両,89,43,71.45,0,0,8,1,0,1,0,25.0,37.0,50.0,3,7,3,東 京,A3,A3,追,79,53,68.09,0,0,1,2,0,0,1,0.0,13.0,27.0,2,6,4,新 潟,A3,A3,追,80,49,67.62,0,2,3,0,0,0,0,8.0,20.0,29.0,,,,奈 良,A3,A3,逃,92,43,65.66,2,1,0,0,4,6,0,11.0,16.0,33.0,7,3,3,,,,,,,,,,,,,,,,,,,,,,,,,,,,,,,,,,,,,,,,,,,,,,,,,,,,,,,,,,,,,,,,,,,,,,,,,,,,,,,,,5,UNDER_10000,0,0
20260706_別府_2R,20260706,別府,2,大 阪,A2,A3,追,69,54,81.25,0,0,0,3,0,0,2,0.0,11.0,25.0,6,3,4,沖 縄,A2,A3,追,69,53,79.95,0,0,1,1,0,0,1,4.0,9.0,28.0,6,3,6,愛 知,A3,A3,逃,129,33,71.66,0,0,0,0,0,0,0,0.0,0.0,33.0,3,4,7,岡 山,A3,A3,追,75,52,70.75,0,1,4,3,0,0,1,12.0,32.0,48.0,1,6,3,千 葉,A3,A3,追,66,58,64.66,0,0,0,0,0,0,0,0.0,0.0,9.0,4,5,7,,,,,,,,,,,,,,,,,,,,,,,,,,,,,,,,,,,,,,,,,,,,,,,,,,,,,,,,,,,,,,,,,,,,,,,,,,,,,,,,,5,UNDER_10000,0,0
20260706_別府_3R,20260706,別府,3,栃 木,A2,A3,追,57,60,78.62,0,0,0,0,0,0,0,0.0,0.0,12.0,7,4,6,新 潟,A3,A3,逃,93,42,71.2,2,2,1,0,4,3,0,20.0,33.0,40.0,,,,佐 賀,A3,A3,追,88,45,68.79,0,0,0,2,0,0,1,0.0,8.0,40.0,5,3,3,愛 知,A3,A3,両,87,44,68.5,1,1,1,1,4,3,5,13.0,18.0,27.0,5,1,4,鹿児島,A3,A3,追,57,62,68.18,0,0,1,0,0,0,0,0.0,3.0,29.0,3,4,4,岐 阜,A3,A3,追,86,47,66.0,0,0,0,1,0,0,1,0.0,7.0,28.0,5,,,,,,,,,,,,,,,,,,,,,,,,,,,,,,,,,,,,,,,,,,,,,,,,,,,,,,,,,,,,,,,6,UNDER_10000,0,0
20260706_別府_4R,20260706,別府,4,青 森,A2,A3,両,91,41,79.7,0,0,1,0,2,6,1,0.0,5.0,11.0,4,6,5,兵 庫,A3,A3,逃,127,33,72.5,3,3,0,2,4,6,0,35.0,57.0,64.0,2,1,2,福 岡,A3,A3,両,92,40,71.18,0,0,2,8,0,0,7,3.0,37.0,44.0,6,1,6,鹿児島,A3,A3,追,67,57,70.0,0,0,3,2,0,0,1,3.0,17.0,42.0,6,3,7,奈 良,A3,A3,両,113,36,69.1,0,0,4,0,0,0,1,5.0,21.0,31.0,4,,,神奈川,A3,A3,追,79,50,69.0,0,0,0,1,0,0,0,0.0,3.0,25.0,3,7,5,徳 島,A3,A3,追,83,46,66.09,0,0,1,2,1,3,0,3.0,9.0,22.0,5,7,5,,,,,,,,,,,,,,,,,,,,,,,,,,,,,,,,,,,,,,,,,7,UNDER_10000,0,0
20260706_別府_5R,20260706,別府,5,埼 玉,A1,A3,逃,123,26,82.87,4,0,2,1,7,11,0,12.0,29.0,45.0,7,4,6,沖 縄,A2,A3,追,92,42,81.05,0,0,0,1,0,0,0,0.0,5.0,29.0,7,6,,徳 島,A2,A3,追,76,52,79.23,0,0,2,0,0,0,1,4.0,9.0,9.0,6,5,5,栃 木,A3,A3,追,88,47,73.26,0,0,3,4,0,0,3,15.0,36.0,57.0,,,,熊 本,A3,A3,逃,129,19,72.33,0,0,0,0,1,0,1,0.0,0.0,11.0,3,5,4,愛 知,A3,A3,追,74,53,68.44,0,0,2,0,0,0,0,0.0,22.0,33.0,,,,福 島,A3,A3,追,70,54,67.46,0,0,0,2,0,0,1,0.0,13.0,13.0,,,,,,,,,,,,,,,,,,,,,,,,,,,,,,,,,,,,,,,,,,,,7,UNDER_10000,0,0
20260706_別府_6R,20260706,別府,6,千 葉,A2,A3,追,99,42,79.25,0,0,0,1,0,1,4,0.0,4.0,9.0,,5,4,東 京,A3,A3,逃,127,25,77.81,3,14,1,0,8,8,17,55.0,66.0,85.0,1,1,3,広 島,A3,A3,両,99,42,73.55,2,3,2,1,4,2,3,22.0,44.0,66.0,1,3,5,大 阪,A3,A3,両,117,37,70.93,0,2,2,0,1,3,0,20.0,26.0,46.0,,,,兵 庫,A3,A3,両,89,45,69.85,0,0,3,4,0,1,12,9.0,31.0,45.0,4,2,6,福 島,A3,A3,両,99,37,68.35,0,0,3,0,0,0,3,7.0,21.0,28.0,,,,高 知,A3,A3,追,88,46,67.04,0,0,1,1,0,0,0,4.0,9.0,19.0,4,5,6,,,,,,,,,,,,,,,,,,,,,,,,,,,,,,,,,,,,,,,,,7,UNDER_10000,0,0
20260706_別府_7R,20260706,別府,7,大 阪,A2,A3,両,105,40,86.13,5,0,2,1,6,7,3,21.0,34.0,52.0,4,5,2,大 分,A3,A3,逃,129,28,77.66,0,3,3,0,0,1,4,11.0,66.0,77.0,2,2,1,新 潟,A3,A3,逃,119,30,77.33,10,4,2,1,17,12,4,50.0,70.0,83.0,1,3,1,福 島,A3,A3,逃,127,23,77.25,6,10,0,1,10,7,7,54.0,70.0,83.0,1,1,2,長 崎,A3,A3,逃,129,20,75.66,0,3,0,2,1,0,1,33.0,55.0,66.0,2,3,5,岐 阜,A3,A3,逃,129,19,75.22,0,0,2,2,0,1,0,22.0,44.0,55.0,2,2,7,福 岡,A3,A3,逃,129,24,74.11,0,1,1,1,1,2,3,22.0,33.0,44.0,1,4,3,,,,,,,,,,,,,,,,,,,,,,,,,,,,,,,,,,,,,,,,,7,10000_TO_19999,0,0
20260706_取手_1R,20260706,取手,1,神奈川,A3,A3,逃,127,27,74.81,11,2,1,0,14,17,16,25.0,51.0,70.0,2,5,2,東 京,A3,A3,追,61,58,68.41,0,0,2,1,0,0,0,3.0,10.0,31.0,5,1,7,福 岡,A3,A3,追,66,58,70.41,0,0,4,0,0,0,0,17.0,23.0,52.0,5,,,宮 城,A3,A3,追,82,51,67.76,0,0,2,2,0,0,7,0.0,19.0,38.0,6,3,4,神奈川,A2,A3,両,94,50,79.6,0,1,1,0,0,0,0,0.0,8.0,16.0,6,3,5,東 京,A3,A3,両,94,41,67.61,2,0,1,0,6,6,3,9.0,14.0,28.0,7,3,4,福 岡,A3,A3,逃,123,30,70.93,2,2,0,0,8,7,2,20.0,26.0,40.0,3,6,7,,,,,,,,,,,,,,,,,,,,,,,,,,,,,,,,,,,,,,,,,7,20000_TO_49999,1,0
20260706_取手_2R,20260706,取手,2,岡 山,A3,A3,両,100,39,74.37,6,5,0,0,9,11,8,20.0,45.0,62.0,3,4,5,埼 玉,A3,A3,両,78,50,71.28,1,3,1,2,2,1,2,9.0,33.0,38.0,,,,千 葉,A3,A3,追,74,53,73.66,0,0,6,2,0,0,1,19.0,38.0,57.0,,,,神奈川,A3,A3,逃,129,26,69.0,0,0,0,0,0,1,0,0.0,0.0,0.0,5,6,6,岡 山,A2,A3,追,78,51,80.47,0,0,0,0,0,0,0,0.0,0.0,9.0,6,3,6,群 馬,A3,A3,逃,103,40,68.11,6,1,0,0,10,10,1,14.0,25.0,44.0,7,2,3,静 岡,A3,A3,追,65,56,69.35,0,0,1,0,0,0,0,0.0,7.0,28.0,,,,,,,,,,,,,,,,,,,,,,,,,,,,,,,,,,,,,,,,,,,,7,20000_TO_49999,1,0
20260706_取手_3R,20260706,取手,3,高 知,A2,A3,追,99,44,79.41,1,0,1,0,1,1,1,4.0,8.0,16.0,1,7,5,熊 本,A3,A3,両,92,40,68.96,1,1,1,1,3,0,1,10.0,14.0,42.0,1,3,5,群 馬,A3,A3,追,83,47,73.38,0,1,5,2,0,0,1,20.0,40.0,65.0,1,4,1,高 知,A3,A3,両,99,35,69.14,3,0,0,0,4,7,8,4.0,14.0,33.0,4,4,3,栃 木,A3,A3,逃,129,24,71.44,0,0,0,1,0,1,1,0.0,11.0,22.0,6,7,6,熊 本,A3,A3,追,66,55,66.3,0,0,0,0,0,0,0,0.0,0.0,25.0,7,3,3,岡 山,A3,A3,追,62,59,74.13,0,0,10,3,0,0,0,30.0,43.0,56.0,2,3,6,,,,,,,,,,,,,,,,,,,,,,,,,,,,,,,,,,,,,,,,,7,20000_TO_49999,1,0
20260706_取手_4R,20260706,取手,4,栃 木,A2,A3,追,97,37,80.35,0,0,4,2,0,0,0,14.0,21.0,39.0,2,1,1,大 分,A3,A3,逃,113,29,69.14,8,1,0,1,12,12,6,14.0,37.0,55.0,6,3,1,宮 城,A3,A3,追,95,37,74.2,0,0,2,7,0,0,3,0.0,60.0,66.0,,,,東 京,A3,A3,逃,129,23,80.11,0,6,1,0,1,1,3,77.0,77.0,88.0,1,1,3,徳 島,A2,A3,追,57,60,78.5,0,0,0,0,0,0,0,0.0,0.0,0.0,,,,神奈川,A3,A3,追,69,58,66.0,0,0,1,1,0,0,0,0.0,8.0,25.0,6,5,3,福 島,A3,A3,両,89,44,68.9,0,2,1,2,0,0,0,9.0,23.0,38.0,7,1,7,,,,,,,,,,,,,,,,,,,,,,,,,,,,,,,,,,,,,,,,,7,UNDER_10000,0,0
20260706_取手_5R,20260706,取手,5,奈 良,L1,L1,両,128,28,0.0,0,0,0,0,0,0,1,0.0,0.0,0.0,,,,三 重,L1,L1,両,112,29,52.79,5,5,0,2,10,6,2,12.0,50.0,58.0,4,4,2,千 葉,L1,L1,両,106,36,55.45,0,10,3,3,5,1,0,16.0,66.0,95.0,2,1,3,青 森,L1,L1,両,130,23,48.55,1,0,1,0,2,1,3,11.0,22.0,33.0,5,1,5,千 葉,L1,L1,追,102,39,46.67,0,0,0,0,1,3,15,0.0,0.0,10.0,6,6,6,東 京,L1,L1,逃,106,44,53.45,3,4,0,4,12,12,5,12.0,45.0,66.0,1,2,4,沖 縄,L1,L1,追,114,37,49.95,0,1,2,1,1,1,16,12.0,16.0,33.0,5,3,5,,,,,,,,,,,,,,,,,,,,,,,,,,,,,,,,,,,,,,,,,7,UNDER_10000,0,0
20260706_取手_6R,20260706,取手,6,青 森,L1,L1,両,112,40,50.0,3,2,1,1,14,18,3,9.0,22.0,45.0,4,7,2,宮 崎,L1,L1,両,114,35,55.81,0,3,10,2,0,0,4,50.0,68.0,77.0,2,1,2,千 葉,L1,L1,両,130,27,54.44,1,7,0,0,7,1,0,88.0,88.0,88.0,1,1,1,栃 木,L1,L1,両,126,27,48.36,0,0,1,0,1,2,0,5.0,5.0,20.0,6,7,6,岐 阜,L1,L1,両,128,23,45.08,0,0,0,0,0,2,2,0.0,0.0,8.0,6,7,7,大 阪,L1,L1,両,112,39,48.0,3,0,0,0,7,11,0,4.0,13.0,30.0,3,7,3,大 分,L1,L1,追,126,22,49.29,0,1,0,1,2,2,6,0.0,8.0,37.0,4,6,4,,,,,,,,,,,,,,,,,,,,,,,,,,,,,,,,,,,,,,,,,7,UNDER_10000,0,0
20260706_取手_7R,20260706,取手,7,福 島,A2,A2,追,93,48,81.42,0,0,1,1,0,0,2,0.0,9.0,23.0,6,5,6,徳 島,A1,A1,追,100,35,79.5,0,0,0,0,0,0,0,0.0,0.0,25.0,7,4,6,東 京,A1,A2,逃,94,42,80.59,3,0,0,0,8,10,2,3.0,11.0,25.0,7,6,7,熊 本,A2,A2,逃,121,23,86.75,5,2,0,0,9,10,3,16.0,29.0,54.0,2,6,5,群 馬,A2,A2,追,92,39,83.2,0,1,3,3,1,0,3,16.0,29.0,37.0,2,4,6,神奈川,A3,A1,追,77,52,73.76,0,0,3,5,0,0,1,11.0,44.0,61.0,2,2,2,福 岡,A1,A1,追,88,43,85.7,0,1,4,3,0,0,4,16.0,33.0,50.0,6,1,2,,,,,,,,,,,,,,,,,,,,,,,,,,,,,,,,,,,,,,,,,7,10000_TO_19999,0,0
20260706_取手_8R,20260706,取手,8,宮 崎,A1,A2,両,121,27,85.7,0,2,1,1,0,0,1,4.0,16.0,50.0,3,3,1,静 岡,A3,A2,逃,127,23,75.0,10,4,1,0,12,10,14,39.0,65.0,65.0,2,1,1,青 森,A1,A1,追,88,43,86.95,0,0,2,2,0,0,4,4.0,19.0,38.0,3,5,4,大 分,A1,A2,追,87,45,83.08,0,0,3,0,0,0,4,0.0,12.0,41.0,5,2,7,神奈川,A2,A2,追,96,38,81.05,0,0,2,1,0,0,0,0.0,15.0,21.0,,,,高 知,A3,A2,追,74,52,67.55,1,0,5,2,1,1,0,13.0,27.0,37.0,,2,2,岩 手,A1,A1,逃,121,24,86.4,4,5,0,0,10,11,2,18.0,33.0,62.0,2,3,7,,,,,,,,,,,,,,,,,,,,,,,,,,,,,,,,,,,,,,,,,7,UNDER_10000,0,0
20260706_取手_9R,20260706,取手,9,千 葉,A2,A2,両,95,39,83.22,1,2,3,1,4,3,0,11.0,25.0,40.0,,,7,広 島,A2,A1,追,87,45,84.85,0,0,3,3,0,1,2,14.0,28.0,57.0,5,3,2,埼 玉,A1,A1,逃,117,27,84.1,2,2,1,1,6,2,1,4.0,28.0,38.0,2,2,6,栃 木,A2,A2,追,73,52,83.45,0,0,2,1,0,0,0,4.0,12.0,16.0,3,5,4,広 島,A2,A2,追,68,56,82.4,0,0,0,3,0,0,0,0.0,30.0,50.0,,,,神奈川,A2,A2,追,89,47,78.59,0,0,1,1,1,1,1,3.0,7.0,18.0,,2,7,岡 山,A1,A1,逃,123,25,88.95,9,3,0,2,10,11,12,20.0,58.0,58.0,2,2,6,,,,,,,,,,,,,,,,,,,,,,,,,,,,,,,,,,,,,,,,,7,UNDER_10000,0,0
20260706_取手_10R,20260706,取手,10,埼 玉,A1,A1,逃,123,27,89.33,7,3,1,0,8,9,2,23.0,52.0,61.0,3,4,2,岡 山,A2,A2,追,91,40,82.7,0,0,1,2,0,0,1,3.0,11.0,37.0,3,5,3,福 島,A2,A2,逃,95,42,82.78,0,7,0,0,0,0,0,17.0,25.0,35.0,2,1,5,茨 城,A2,A2,追,89,41,85.66,0,0,4,2,2,1,1,9.0,28.0,38.0,5,2,3,福 岡,A2,A2,両,95,42,81.96,0,0,3,1,4,4,4,12.0,16.0,20.0,4,7,4,栃 木,A3,A2,追,72,54,74.03,0,0,5,8,0,0,1,7.0,48.0,70.0,3,3,3,福 島,A1,A1,追,94,37,84.73,0,0,4,1,0,0,8,10.0,25.0,40.0,1,5,4,,,,,,,,,,,,,,,,,,,,,,,,,,,,,,,,,,,,,,,,,7,UNDER_10000,0,0
20260706_取手_11R,20260706,取手,11,東 京,S2,A1,逃,115,27,104.3,0,1,1,2,0,0,0,20.0,40.0,50.0,,,,徳 島,A1,A1,追,83,46,91.17,0,0,2,4,0,0,2,5.0,33.0,50.0,2,2,3,千 葉,S2,A1,追,90,43,97.5,0,0,1,4,0,0,4,3.0,18.0,40.0,3,7,3,群 馬,A1,A1,追,91,40,90.66,0,0,3,2,0,0,1,16.0,27.0,50.0,4,3,5,熊 本,S2,A1,逃,119,28,94.41,3,1,0,1,14,17,2,6.0,17.0,27.0,7,7,7,茨 城,A1,A1,追,80,50,90.36,0,0,8,1,0,0,2,21.0,39.0,60.0,7,1,1,岡 山,A1,A1,追,87,48,90.58,0,0,1,2,0,0,3,0.0,25.0,41.0,,,,,,,,,,,,,,,,,,,,,,,,,,,,,,,,,,,,,,,,,,,,7,UNDER_10000,0,0
20260706_和歌山_1R,20260706,和歌山,1,茨 城,A1,A2,両,95,42,85.58,1,3,1,4,6,8,1,12.0,36.0,48.0,3,,,岐 阜,A2,A2,両,115,30,83.04,0,1,3,1,2,2,1,9.0,23.0,33.0,5,4,2,神奈川,A2,A2,両,96,36,80.76,1,0,1,0,1,1,0,4.0,9.0,27.0,5,2,6,高 知,A3,A2,追,63,57,73.6,0,0,3,3,0,0,0,13.0,40.0,60.0,2,3,2,茨 城,A2,A2,追,92,41,83.52,0,0,1,4,0,0,6,0.0,20.0,32.0,6,5,4,山 口,A3,A2,追,93,50,69.5,0,1,0,0,0,0,0,16.0,16.0,16.0,,,,北海道,A3,A2,追,72,53,73.4,0,0,2,4,0,0,0,6.0,37.0,50.0,3,2,3,,,,,,,,,,,,,,,,,,,,,,,,,,,,,,,,,,,,,,,,,7,20000_TO_49999,1,0
20260706_和歌山_2R,20260706,和歌山,2,佐 賀,A2,A2,追,91,39,80.39,0,0,2,0,0,0,1,4.0,8.0,13.0,4,4,1,群 馬,A3,A2,追,90,44,71.04,0,0,2,4,1,1,3,4.0,27.0,50.0,5,1,6,石 川,A2,A1,追,77,51,83.04,0,0,2,3,0,0,0,4.0,20.0,37.0,4,2,6,福 岡,A2,A1,両,83,48,82.64,0,3,1,0,0,1,0,16.0,16.0,28.0,7,5,7,静 岡,A2,A2,追,96,38,79.84,0,0,1,1,0,0,3,0.0,13.0,26.0,4,,,宮 城,A3,A2,両,109,44,70.22,1,1,3,2,3,7,1,22.0,38.0,55.0,1,3,2,富 山,A3,A2,逃,127,24,75.62,8,3,1,1,12,10,11,40.0,52.0,64.0,1,1,5,,,,,,,,,,,,,,,,,,,,,,,,,,,,,,,,,,,,,,,,,7,10000_TO_19999,0,0
20260706_和歌山_3R,20260706,和歌山,3,宮 城,S2,A1,逃,119,32,92.78,0,2,0,0,8,8,10,3.0,7.0,14.0,9,8,5,大 阪,A2,A2,逃,111,44,87.64,1,4,1,0,3,3,0,22.0,33.0,50.0,3,1,3,岡 山,A2,A1,逃,113,30,92.51,2,11,5,1,10,4,1,37.0,70.0,88.0,2,1,4,愛 知,A1,A1,追,87,48,90.46,0,0,3,3,0,0,0,6.0,37.0,50.0,5,7,2,広 島,A1,A1,追,81,50,87.58,0,0,0,8,0,0,0,0.0,44.0,55.0,2,3,2,北海道,A2,A2,逃,127,21,79.86,15,5,1,0,18,14,15,81.0,95.0,95.0,2,,,大 阪,A1,A1,逃,98,38,83.16,5,0,0,0,5,7,1,15.0,38.0,38.0,2,7,2,,,,,,,,,,,,,,,,,,,,,,,,,,,,,,,,,,,,,,,,,7,UNDER_10000,0,0
20260706_和歌山_4R,20260706,和歌山,4,岡 山,A2,A2,逃,127,23,94.08,14,6,0,0,18,13,1,75.0,83.0,87.0,1,1,5,兵 庫,A1,A2,追,94,43,84.84,0,0,5,2,0,0,1,16.0,28.0,32.0,5,7,2,埼 玉,A2,A1,逃,125,25,90.75,10,4,0,0,16,16,8,33.0,58.0,62.0,3,1,6,福 島,A1,A1,追,115,27,86.04,0,1,3,1,0,0,3,12.0,20.0,33.0,2,5,4,高 知,A1,A1,両,99,35,94.8,0,1,6,3,0,0,5,35.0,58.0,70.0,6,2,1,兵 庫,A3,A2,逃,103,36,78.0,3,4,2,1,6,3,0,53.0,76.0,84.0,9,,,埼 玉,S2,A1,追,90,41,96.62,1,0,2,0,1,1,2,8.0,8.0,20.0,7,4,5,,,,,,,,,,,,,,,,,,,,,,,,,,,,,,,,,,,,,,,,,7,50000_PLUS,1,1
20260706_和歌山_5R,20260706,和歌山,5,大 阪,A1,A1,逃,117,26,95.94,0,12,1,0,5,1,3,68.0,68.0,84.0,3,1,1,神奈川,A1,A1,追,82,51,88.57,0,0,3,1,0,0,1,4.0,19.0,38.0,5,5,2,福 岡,A2,A1,逃,119,28,86.95,5,0,1,0,8,6,6,20.0,30.0,50.0,,1,2,和歌山,S2,A1,両,115,35,98.83,0,5,2,1,1,1,6,16.0,33.0,41.0,,,,徳 島,A1,A1,両,98,35,88.19,2,3,2,1,10,8,6,14.0,29.0,48.0,1,7,2,和歌山,A2,A2,追,99,36,84.42,0,0,2,3,0,0,2,0.0,23.0,38.0,6,2,4,神奈川,A1,A1,逃,119,32,86.25,3,3,2,0,11,13,9,25.0,33.0,50.0,1,6,7,,,,,,,,,,,,,,,,,,,,,,,,,,,,,,,,,,,,,,,,,7,UNDER_10000,0,0
20260706_和歌山_6R,20260706,和歌山,6,大 阪,A1,S2,両,109,30,89.47,1,4,5,0,3,3,9,38.0,47.0,47.0,4,5,1,岐 阜,S1,S1,追,98,36,104.48,0,0,4,5,0,0,2,10.0,32.0,46.0,2,6,3,茨 城,S1,S2,追,99,42,103.27,0,0,1,0,0,0,2,5.0,5.0,30.0,6,5,6,埼 玉,A1,S2,追,99,39,90.58,0,0,1,2,0,0,0,0.0,23.0,30.0,4,2,7,佐 賀,S2,S2,逃,121,28,100.6,5,4,0,0,15,17,1,20.0,36.0,44.0,5,1,2,大 阪,S1,S1,追,73,52,0.0,0,0,0,0,0,0,0,0.0,0.0,0.0,,,,群 馬,A1,S2,逃,121,26,91.5,0,3,0,3,1,5,5,21.0,42.0,57.0,4,7,,,,,,,,,,,,,,,,,,,,,,,,,,,,,,,,,,,,,,,,,,7,UNDER_10000,0,0
20260706_和歌山_7R,20260706,和歌山,7,静 岡,S2,S2,逃,127,20,104.25,6,6,0,0,12,9,3,36.0,48.0,68.0,3,6,9,三 重,A1,S2,逃,117,31,92.44,2,4,0,1,9,6,3,11.0,38.0,61.0,4,2,4,愛 媛,A1,S2,逃,119,23,96.1,6,6,3,0,12,6,1,52.0,78.0,84.0,3,2,1,福 井,S2,S2,追,85,46,101.53,0,0,5,4,0,0,3,7.0,32.0,42.0,5,4,1,神奈川,S2,S2,追,111,35,94.76,0,0,0,3,0,0,1,0.0,9.0,32.0,9,7,3,岡 山,A1,S2,逃,123,26,84.66,3,1,0,1,9,9,2,6.0,33.0,73.0,2,3,3,埼 玉,A1,S2,追,90,41,91.1,0,1,2,3,0,0,1,10.0,30.0,50.0,5,2,3,,,,,,,,,,,,,,,,,,,,,,,,,,,,,,,,,,,,,,,,,7,20000_TO_49999,1,0
20260706_和歌山_8R,20260706,和歌山,8,宮 城,S1,S1,追,100,38,104.95,0,0,3,3,0,0,9,4.0,25.0,45.0,4,3,,徳 島,S1,S2,逃,111,31,103.42,2,3,1,0,4,4,2,13.0,40.0,40.0,6,5,1,兵 庫,S2,S2,追,69,53,92.33,0,0,0,0,0,0,0,0.0,0.0,0.0,6,7,4,福 井,S2,S2,逃,115,26,96.46,6,0,0,0,15,18,4,10.0,21.0,32.0,7,3,1,埼 玉,S2,S2,逃,121,24,103.25,3,1,2,0,4,6,0,25.0,37.0,56.0,1,3,7,香 川,A1,S2,追,80,48,92.09,0,0,3,4,0,0,0,14.0,33.0,61.0,6,2,3,福 島,A1,S2,追,95,38,92.77,0,0,3,6,0,0,1,11.0,50.0,66.0,3,2,2,,,,,,,,,,,,,,,,,,,,,,,,,,,,,,,,,,,,,,,,,7,10000_TO_19999,0,0
20260706_和歌山_9R,20260706,和歌山,9,香 川,S2,S1,追,96,40,99.43,0,0,1,4,0,0,3,4.0,21.0,30.0,4,3,5,宮 城,S2,S2,逃,119,24,99.57,4,3,2,0,14,14,11,19.0,34.0,42.0,1,6,4,東 京,S2,S2,追,92,40,99.0,0,0,1,1,0,0,2,4.0,9.0,22.0,3,7,5,広 島,S1,S2,逃,123,26,108.75,3,4,0,0,7,5,6,22.0,38.0,50.0,2,,,青 森,S2,S2,追,79,51,97.6,0,0,2,2,0,0,0,0.0,15.0,23.0,4,2,6,三 重,S2,S2,両,100,34,97.46,0,3,3,0,4,3,3,7.0,22.0,37.0,4,3,4,埼 玉,S2,S2,逃,100,34,98.5,3,1,1,0,3,4,0,12.0,31.0,43.0,7,2,2,,,,,,,,,,,,,,,,,,,,,,,,,,,,,,,,,,,,,,,,,7,50000_PLUS,1,1
20260706_和歌山_10R,20260706,和歌山,10,福 岡,S1,S1,逃,111,29,103.68,0,4,1,0,3,2,0,17.0,21.0,39.0,3,3,4,和歌山,S2,S2,両,119,24,104.46,0,2,3,0,0,3,0,23.0,38.0,53.0,,,,福 島,S1,S1,逃,109,30,108.16,0,4,1,1,10,9,1,16.0,33.0,33.0,9,9,4,茨 城,S1,S1,両,107,36,108.0,0,1,4,2,1,2,3,12.0,29.0,54.0,2,4,7,福 島,S1,S1,追,88,47,113.63,0,0,3,4,0,0,6,10.0,36.0,57.0,3,3,2,熊 本,S2,S2,両,99,37,99.0,1,3,1,1,2,1,10,16.0,19.0,35.0,,4,2,福 井,S2,S2,逃,117,28,100.05,0,3,2,0,3,6,2,10.0,26.0,31.0,,,,,,,,,,,,,,,,,,,,,,,,,,,,,,,,,,,,,,,,,,,,7,UNDER_10000,0,0
20260706_和歌山_11R,20260706,和歌山,11,岐 阜,S2,S1,逃,117,26,108.81,5,6,1,0,5,6,1,45.0,54.0,68.0,3,1,7,千 葉,S2,S2,逃,115,29,102.52,8,4,0,0,17,16,1,28.0,48.0,56.0,2,3,1,長 崎,S2,S2,両,92,40,104.59,3,6,2,0,5,5,7,22.0,40.0,55.0,5,8,5,岡 山,S1,S1,追,87,44,110.53,0,0,7,5,0,0,2,21.0,36.0,45.0,2,4,8,和歌山,S1,S1,追,85,46,107.85,0,0,4,0,0,0,3,13.0,17.0,26.0,1,6,1,宮 城,S2,S2,追,69,53,100.16,0,0,3,1,0,0,0,5.0,21.0,31.0,7,2,4,千 葉,S2,S2,追,90,40,100.93,0,1,7,2,0,0,12,17.0,34.0,51.0,4,1,2,,,,,,,,,,,,,,,,,,,,,,,,,,,,,,,,,,,,,,,,,7,UNDER_10000,0,0
20260706_和歌山_12R,20260706,和歌山,12,千 葉,S1,S1,両,94,42,112.04,5,1,3,0,7,8,0,28.0,36.0,36.0,9,1,1,愛 知,S2,S2,両,91,40,102.29,2,1,3,1,3,3,3,12.0,28.0,44.0,3,7,3,熊 本,S1,S1,両,117,26,108.04,0,3,2,0,1,2,4,14.0,23.0,47.0,9,5,3,東 京,S2,S1,追,92,43,104.36,0,0,8,3,0,0,6,24.0,44.0,52.0,1,4,5,福 岡,S2,S1,両,81,47,102.95,0,5,2,1,0,0,0,13.0,36.0,45.0,3,9,2,北海道,A2,S2,追,89,45,91.69,0,0,11,8,0,0,0,30.0,73.0,80.0,1,1,5,宮 崎,S2,S2,両,100,35,106.12,0,1,11,1,0,0,4,36.0,52.0,64.0,5,1,2,,,,,,,,,,,,,,,,,,,,,,,,,,,,,,,,,,,,,,,,,7,UNDER_10000,0,0
20260706_岸和田_1R,20260706,岸和田,1,青 森,A3,A3,追,94,43,71.33,0,0,0,4,0,0,5,0.0,22.0,33.0,2,4,3,神奈川,A3,A3,追,63,56,69.17,0,0,3,1,0,0,0,7.0,14.0,39.0,4,4,1,神奈川,A3,A3,追,82,48,68.65,0,0,0,2,0,0,0,0.0,9.0,23.0,3,7,5,福 島,A3,A3,両,94,40,67.44,1,6,0,0,6,6,5,14.0,25.0,33.0,7,4,2,和歌山,A3,A3,追,86,49,66.9,0,0,0,0,0,0,0,0.0,0.0,30.0,,,,愛 知,A3,A3,追,57,59,62.46,0,0,0,0,0,0,0,0.0,0.0,0.0,7,7,7,,,,,,,,,,,,,,,,,,,,,,,,,,,,,,,,,,,,,,,,,,,,,,,,,,,,,,,,,,,,,6,UNDER_10000,0,0
20260706_岸和田_2R,20260706,岸和田,2,青 森,A2,A3,追,82,48,76.8,0,0,0,0,0,0,0,0.0,0.0,0.0,6,6,5,埼 玉,A3,A3,両,98,36,68.21,2,1,0,1,6,8,1,7.0,14.0,28.0,4,6,7,宮 城,A3,A3,追,77,51,68.17,0,0,2,0,1,0,2,4.0,8.0,34.0,3,5,4,和歌山,A3,A3,追,115,27,67.33,0,0,0,0,1,2,0,0.0,0.0,22.0,7,5,,秋 田,A3,A3,追,75,51,67.06,0,0,1,1,0,0,1,0.0,13.0,13.0,6,2,4,福 井,A3,A3,追,61,58,66.03,0,0,2,2,0,0,1,3.0,14.0,22.0,6,5,5,,,,,,,,,,,,,,,,,,,,,,,,,,,,,,,,,,,,,,,,,,,,,,,,,,,,,,,,,,,,,6,UNDER_10000,0,0
20260706_岸和田_3R,20260706,岸和田,3,岐 阜,A3,A3,追,82,50,70.62,0,0,0,3,0,0,0,0.0,11.0,37.0,3,4,7,静 岡,A3,A3,追,74,53,69.2,0,0,0,1,0,0,3,0.0,6.0,40.0,,,,富 山,A3,A3,追,87,46,69.1,0,0,1,1,0,0,1,0.0,20.0,40.0,7,7,5,愛 知,A3,A3,両,97,41,68.74,1,8,0,1,10,5,3,33.0,37.0,44.0,,,1,長 野,A3,A3,逃,98,37,67.83,4,1,0,0,8,8,2,8.0,20.0,29.0,7,5,1,福 島,A3,A3,追,92,43,67.61,0,0,1,2,0,0,3,0.0,21.0,28.0,,,,,,,,,,,,,,,,,,,,,,,,,,,,,,,,,,,,,,,,,,,,,,,,,,,,,,,,,,,,,,,,6,UNDER_10000,0,0
20260706_岸和田_4R,20260706,岸和田,4,岐 阜,A2,A3,追,94,39,80.33,0,0,2,2,0,0,2,9.0,19.0,19.0,6,7,6,栃 木,A2,A3,追,81,49,79.7,0,0,0,0,0,0,2,0.0,0.0,11.0,6,7,,千 葉,A2,A3,追,68,56,78.35,0,0,0,0,0,0,1,0.0,0.0,17.0,5,6,,千 葉,A2,A3,逃,111,33,75.25,0,0,0,0,0,0,0,0.0,0.0,0.0,,,,埼 玉,A3,A3,逃,129,20,72.77,0,0,1,1,0,1,1,0.0,22.0,33.0,4,6,4,富 山,A3,A3,逃,127,24,72.57,4,0,1,1,6,7,3,5.0,31.0,57.0,,,,兵 庫,A3,A3,追,95,40,70.2,0,0,2,2,0,0,2,4.0,16.0,41.0,5,6,7,,,,,,,,,,,,,,,,,,,,,,,,,,,,,,,,,,,,,,,,,7,10000_TO_19999,0,0
20260706_岸和田_5R,20260706,岸和田,5,兵 庫,A2,A3,両,100,40,80.33,0,0,1,1,0,0,6,4.0,8.0,20.0,5,4,4,宮 城,A2,A3,追,74,53,79.66,0,0,0,0,0,0,0,0.0,0.0,0.0,4,6,7,神奈川,A3,A3,逃,127,27,75.74,12,2,0,0,17,19,2,29.0,51.0,74.0,2,1,1,宮 城,A3,A3,逃,129,20,73.0,0,1,0,1,1,1,4,11.0,22.0,44.0,3,4,1,神奈川,A3,A3,両,99,42,72.08,2,10,3,3,6,4,3,38.0,52.0,58.0,6,4,2,和歌山,A3,A3,逃,109,30,71.65,5,2,1,1,7,11,10,17.0,39.0,56.0,3,2,6,神奈川,A3,A3,追,86,47,71.54,0,0,3,0,0,0,1,18.0,27.0,36.0,,,,,,,,,,,,,,,,,,,,,,,,,,,,,,,,,,,,,,,,,,,,7,10000_TO_19999,0,0
20260706_岸和田_6R,20260706,岸和田,6,京 都,A2,A3,両,93,39,81.26,0,0,1,1,0,0,3,5.0,10.0,36.0,7,,,愛 知,A2,A3,追,65,56,79.88,0,0,0,1,0,0,0,0.0,11.0,22.0,,,,福 島,A3,A3,両,92,39,75.79,2,11,2,0,2,2,9,50.0,62.0,75.0,1,5,1,大 阪,A3,A3,逃,129,24,74.0,1,0,0,1,0,0,0,0.0,33.0,50.0,4,5,2,静 岡,A3,A3,両,77,50,71.27,5,4,0,2,6,8,3,10.0,37.0,55.0,2,5,3,静 岡,A3,A3,逃,74,51,69.09,4,0,0,1,4,5,3,4.0,22.0,27.0,2,6,4,新 潟,A3,A3,追,85,47,67.86,0,1,2,0,0,0,0,13.0,13.0,26.0,5,4,6,,,,,,,,,,,,,,,,,,,,,,,,,,,,,,,,,,,,,,,,,7,UNDER_10000,0,0
20260706_岸和田_7R,20260706,岸和田,7,東 京,A2,A3,追,71,52,83.32,0,0,3,3,0,0,1,8.0,24.0,32.0,2,4,7,千 葉,A2,A3,逃,96,41,81.57,0,0,1,1,0,0,2,4.0,9.0,33.0,4,4,4,宮 城,A2,A3,逃,111,28,80.45,3,1,1,0,7,8,4,0.0,20.0,29.0,6,2,5,栃 木,A3,A3,逃,129,27,75.88,1,2,0,1,2,1,0,33.0,44.0,55.0,3,6,1,埼 玉,A3,A3,逃,111,31,73.0,6,3,0,0,16,14,1,15.0,34.0,50.0,2,7,,東 京,A3,A3,逃,129,28,73.0,1,0,1,0,1,2,0,0.0,22.0,44.0,2,3,2,大 阪,A3,A3,両,97,39,72.81,0,1,7,2,0,1,3,25.0,37.0,66.0,7,1,1,,,,,,,,,,,,,,,,,,,,,,,,,,,,,,,,,,,,,,,,,7,UNDER_10000,0,0
20260706_豊橋_1R,20260706,豊橋,1,宮 城,A1,A1,追,87,44,84.85,0,0,2,2,0,0,0,9.0,19.0,42.0,5,1,3,大 分,A2,A2,両,101,40,80.42,0,0,2,0,0,0,0,0.0,10.0,25.0,7,5,2,愛 媛,A2,A2,両,85,47,81.88,2,0,2,2,5,8,4,0.0,22.0,33.0,5,2,3,栃 木,A2,A2,追,74,53,81.58,0,0,0,2,0,0,1,0.0,8.0,16.0,6,2,6,愛 媛,A1,A2,両,101,38,80.08,0,0,0,2,0,1,2,0.0,8.0,8.0,7,6,4,埼 玉,A3,A2,逃,127,21,76.0,9,5,0,1,16,15,11,14.0,55.0,77.0,4,2,3,長 崎,A2,A2,追,79,52,81.05,0,0,1,1,0,0,0,0.0,11.0,22.0,,,,,,,,,,,,,,,,,,,,,,,,,,,,,,,,,,,,,,,,,,,,7,20000_TO_49999,1,0
20260706_豊橋_2R,20260706,豊橋,2,群 馬,A2,A2,追,73,51,81.61,0,0,2,1,0,0,0,5.0,16.0,22.0,,,,石 川,A3,A2,追,61,57,74.33,0,0,8,4,0,0,2,14.0,42.0,60.0,1,2,3,大 分,A1,A1,追,92,44,84.9,0,0,1,3,0,0,1,4.0,19.0,42.0,5,2,6,長 崎,A1,A2,逃,123,23,88.28,4,3,2,0,5,4,1,28.0,42.0,52.0,1,4,4,滋 賀,A2,A2,追,95,39,83.91,0,0,2,1,0,0,2,4.0,12.0,29.0,4,4,4,神奈川,A3,A2,追,92,39,71.78,0,0,1,3,0,0,9,5.0,21.0,52.0,5,,,兵 庫,A3,A2,逃,125,25,78.33,13,8,0,0,17,15,12,66.0,87.0,91.0,1,1,4,,,,,,,,,,,,,,,,,,,,,,,,,,,,,,,,,,,,,,,,,7,UNDER_10000,0,0
20260706_豊橋_3R,20260706,豊橋,3,熊 本,A1,A1,逃,123,23,91.2,0,5,0,0,5,4,8,18.0,31.0,62.0,3,,,三 重,A2,A2,両,115,35,80.5,0,0,1,0,2,5,4,0.0,4.0,22.0,5,7,7,神奈川,A1,A1,両,107,36,90.57,1,11,0,0,7,4,3,30.0,60.0,70.0,2,2,2,青 森,A2,A2,両,92,38,81.28,0,0,1,0,4,6,3,4.0,4.0,33.0,5,4,5,佐 賀,A1,A1,両,111,30,92.87,0,2,10,0,0,2,3,37.0,50.0,66.0,3,1,7,愛 知,A3,A2,逃,127,28,76.69,9,3,1,0,13,11,7,33.0,54.0,79.0,1,3,6,神奈川,A1,A1,追,88,46,86.2,0,0,4,2,0,0,4,13.0,40.0,53.0,6,2,1,,,,,,,,,,,,,,,,,,,,,,,,,,,,,,,,,,,,,,,,,7,UNDER_10000,0,0
20260706_豊橋_4R,20260706,豊橋,4,大 阪,A1,A1,追,79,48,88.9,0,0,4,1,0,0,4,19.0,23.0,38.0,7,4,1,宮 城,S2,A1,逃,99,43,100.31,1,3,1,1,3,2,4,14.0,28.0,33.0,6,2,4,岡 山,A1,A1,逃,103,33,88.8,2,4,2,0,7,10,0,28.0,38.0,57.0,,,,神奈川,A1,A2,追,96,41,84.61,0,0,4,2,0,0,2,14.0,28.0,38.0,5,6,2,広 島,S2,A1,追,103,35,94.03,0,1,0,0,0,0,6,3.0,3.0,13.0,4,5,7,福 島,A2,A2,両,98,35,84.03,0,2,6,1,0,0,2,18.0,33.0,44.0,3,7,2,滋 賀,A1,A1,両,95,37,92.88,0,4,7,0,1,1,2,50.0,61.0,72.0,1,4,4,,,,,,,,,,,,,,,,,,,,,,,,,,,,,,,,,,,,,,,,,7,UNDER_10000,0,0
20260706_豊橋_5R,20260706,豊橋,5,富 山,A1,A1,逃,121,34,92.22,4,1,0,0,5,5,0,11.0,55.0,66.0,7,1,2,埼 玉,A2,A1,逃,125,26,85.26,5,1,0,0,10,12,2,15.0,31.0,31.0,2,7,5,佐 賀,A2,A2,追,66,56,85.71,0,0,1,2,0,0,1,4.0,14.0,47.0,4,6,6,栃 木,A1,A1,追,72,53,87.91,0,0,3,1,0,0,1,16.0,33.0,41.0,2,4,6,愛 知,A1,A1,追,83,48,90.85,0,0,3,2,0,0,8,9.0,23.0,47.0,5,2,6,長 崎,A2,A1,逃,125,22,83.19,5,1,0,0,10,11,0,28.0,28.0,33.0,6,1,4,愛 知,A1,A1,追,77,51,83.32,0,0,3,1,0,0,0,4.0,16.0,28.0,,,1,,,,,,,,,,,,,,,,,,,,,,,,,,,,,,,,,,,,,,,,,7,UNDER_10000,0,0
20260706_豊橋_6R,20260706,豊橋,6,福 岡,L1,L1,両,124,28,51.5,0,2,3,2,0,1,5,3.0,21.0,40.0,4,4,6,茨 城,L1,L1,両,128,28,55.04,12,2,0,0,17,16,2,57.0,66.0,76.0,1,1,6,青 森,L1,L1,追,110,44,45.88,0,0,0,0,0,1,2,0.0,0.0,4.0,7,5,6,広 島,L1,L1,両,116,31,53.9,8,5,1,1,11,8,0,31.0,68.0,77.0,1,1,2,東 京,L1,L1,両,118,28,53.56,3,4,2,2,9,7,2,21.0,47.0,73.0,3,2,1,愛 知,L1,L1,両,114,28,46.94,0,0,1,0,0,0,7,0.0,5.0,11.0,,,,徳 島,L1,L1,両,122,24,52.9,0,1,1,3,0,0,1,9.0,45.0,63.0,,,,,,,,,,,,,,,,,,,,,,,,,,,,,,,,,,,,,,,,,,,,7,UNDER_10000,0,0
20260706_豊橋_7R,20260706,豊橋,7,愛 知,L1,L1,両,118,25,49.54,0,2,1,1,1,1,1,8.0,16.0,16.0,4,5,7,石 川,L1,L1,両,122,25,48.56,0,1,3,1,1,8,5,6.0,16.0,30.0,6,5,2,愛 知,L1,L1,両,130,28,52.88,2,4,1,0,3,2,1,33.0,77.0,88.0,1,6,1,福 井,L1,L1,両,114,29,56.95,5,6,4,0,4,4,1,61.0,71.0,85.0,2,1,1,徳 島,L1,L1,両,130,24,46.11,0,0,0,0,0,0,2,0.0,0.0,11.0,7,4,3,栃 木,L1,L1,追,106,32,47.09,0,0,1,1,0,0,4,4.0,9.0,28.0,4,3,3,大 分,L1,L1,追,122,25,51.17,1,1,0,5,2,2,6,4.0,30.0,52.0,5,4,3,,,,,,,,,,,,,,,,,,,,,,,,,,,,,,,,,,,,,,,,,7,UNDER_10000,0,0
20260706_豊橋_8R,20260706,豊橋,8,福 井,S2,S2,逃,119,28,94.4,3,1,0,0,13,13,0,6.0,13.0,26.0,7,4,2,徳 島,S2,S2,追,69,55,100.25,0,0,2,0,0,0,0,0.0,16.0,25.0,,,,栃 木,S2,S2,逃,115,26,98.38,4,1,0,0,8,7,2,11.0,27.0,38.0,,,,岐 阜,S2,S2,追,93,49,95.34,0,0,2,2,0,0,3,6.0,12.0,28.0,6,3,4,福 岡,S2,S2,追,76,51,99.58,0,0,4,0,0,0,0,8.0,16.0,41.0,6,1,2,三 重,A1,S2,両,111,29,89.72,0,0,1,0,2,4,3,8.0,8.0,8.0,5,6,6,山 梨,S2,S1,追,90,43,98.3,0,0,4,0,0,0,7,5.0,20.0,35.0,,,,,,,,,,,,,,,,,,,,,,,,,,,,,,,,,,,,,,,,,,,,7,10000_TO_19999,0,0
20260706_豊橋_9R,20260706,豊橋,9,岐 阜,S2,S2,逃,123,25,97.39,1,1,3,0,9,11,7,13.0,21.0,43.0,5,5,3,青 森,S2,S2,逃,105,34,93.84,0,3,0,0,4,4,0,15.0,15.0,21.0,,,,徳 島,S2,S1,追,75,50,99.04,0,0,4,1,0,0,0,8.0,21.0,65.0,8,7,1,愛 媛,S2,S2,両,115,29,99.72,0,0,1,3,0,1,6,3.0,13.0,31.0,3,2,5,愛 知,S2,S2,追,71,53,99.4,0,1,3,2,0,0,0,9.0,18.0,43.0,5,6,3,愛 知,A1,S2,追,70,55,89.14,0,0,0,0,0,0,1,0.0,0.0,42.0,,,,東 京,A1,S2,追,96,37,91.04,0,0,4,1,0,0,0,14.0,23.0,42.0,3,5,4,,,,,,,,,,,,,,,,,,,,,,,,,,,,,,,,,,,,,,,,,7,10000_TO_19999,0,0
20260706_豊橋_10R,20260706,豊橋,10,群 馬,S1,S1,追,100,36,107.92,0,0,4,2,0,0,6,12.0,24.0,40.0,7,5,2,佐 賀,S2,S2,追,91,42,102.4,0,0,4,1,0,0,2,5.0,25.0,40.0,5,8,3,大 阪,S1,S1,追,100,40,106.82,0,0,5,0,0,0,1,7.0,17.0,50.0,4,3,4,福 岡,S2,S2,両,107,33,102.89,3,4,1,0,8,6,2,26.0,42.0,42.0,2,6,5,茨 城,S1,S1,逃,119,24,108.74,11,6,1,0,18,19,6,41.0,58.0,61.0,7,1,6,岡 山,S2,S2,逃,115,28,98.73,5,5,0,0,12,12,6,19.0,38.0,50.0,1,7,7,埼 玉,S2,S2,両,91,39,100.81,0,0,7,0,0,0,2,13.0,31.0,45.0,3,7,7,,,,,,,,,,,,,,,,,,,,,,,,,,,,,,,,,,,,,,,,,7,UNDER_10000,0,0
20260706_豊橋_11R,20260706,豊橋,11,神奈川,S2,S2,逃,127,24,105.56,8,4,1,0,8,10,5,39.0,56.0,69.0,2,2,1,愛 媛,S1,S1,逃,109,30,109.28,4,3,1,2,6,4,4,17.0,35.0,42.0,1,2,7,茨 城,S2,S1,追,88,52,102.27,0,0,5,2,0,0,1,13.0,31.0,40.0,4,2,6,香 川,S1,S1,追,76,52,105.13,0,0,3,0,0,0,0,11.0,11.0,23.0,4,5,3,神奈川,S1,S1,追,103,40,112.11,0,1,6,3,0,0,0,19.0,38.0,57.0,7,3,3,東 京,S2,S2,逃,113,31,100.08,1,2,0,0,3,1,1,7.0,23.0,38.0,2,6,3,広 島,S2,S2,追,87,44,103.37,0,1,6,2,0,0,2,17.0,31.0,41.0,2,2,4,,,,,,,,,,,,,,,,,,,,,,,,,,,,,,,,,,,,,,,,,7,UNDER_10000,0,0
20260706_豊橋_12R,20260706,豊橋,12,三 重,S1,S1,両,90,42,113.15,0,1,7,0,0,0,2,26.0,30.0,57.0,3,3,7,佐 賀,S2,S1,逃,115,27,102.08,4,3,2,0,11,5,4,19.0,34.0,38.0,1,5,7,秋 田,S1,S1,追,67,55,106.71,0,0,2,0,0,0,1,8.0,8.0,26.0,5,1,,愛 知,S1,S1,追,84,47,105.59,0,0,6,2,0,0,10,22.0,29.0,44.0,1,1,3,長 崎,S1,S1,追,86,46,105.75,0,1,4,1,0,0,4,20.0,30.0,50.0,5,9,1,福 島,A2,S2,逃,125,25,93.72,7,4,1,0,11,11,13,50.0,66.0,83.0,1,2,1,大 阪,S2,S2,追,109,39,100.38,0,1,6,1,0,1,6,17.0,28.0,39.0,3,7,8,,,,,,,,,,,,,,,,,,,,,,,,,,,,,,,,,,,,,,,,,7,20000_TO_49999,1,0
